"stock","res","yr","ct"
"NEFSC-SDOGATLC-1962-2006-SOSEBEE","Medium",1981,29684.11
"NEFSC-SDOGATLC-1962-2006-SOSEBEE","Medium",1982,29588.99
"NEFSC-SDOGATLC-1962-2006-SOSEBEE","Medium",1983,27734.58
"NEFSC-SDOGATLC-1962-2006-SOSEBEE","Medium",1984,26224.7
"NEFSC-SDOGATLC-1962-2006-SOSEBEE","Medium",1985,23181.19
"NEFSC-SDOGATLC-1962-2006-SOSEBEE","Medium",1986,20655.94
"NEFSC-SDOGATLC-1962-2006-SOSEBEE","Medium",1987,19412.49
"NEFSC-SDOGATLC-1962-2006-SOSEBEE","Medium",1988,20126.83
"NEFSC-SDOGATLC-1962-2006-SOSEBEE","Medium",1989,21083.12
"NEFSC-SDOGATLC-1962-2006-SOSEBEE","Medium",1990,35558.1
"NEFSC-SDOGATLC-1962-2006-SOSEBEE","Medium",1991,26803.51
"NEFSC-SDOGATLC-1962-2006-SOSEBEE","Medium",1992,36063.57
"NEFSC-SDOGATLC-1962-2006-SOSEBEE","Medium",1993,33787.59
"NEFSC-SDOGATLC-1962-2006-SOSEBEE","Medium",1994,28595.41
"NEFSC-SDOGATLC-1962-2006-SOSEBEE","Medium",1995,34255.01
"NEFSC-SDOGATLC-1962-2006-SOSEBEE","Medium",1996,33794.64
"NEFSC-SDOGATLC-1962-2006-SOSEBEE","Medium",1997,23126.45
"NEFSC-SDOGATLC-1962-2006-SOSEBEE","Medium",1998,25575.49
"NEFSC-SDOGATLC-1962-2006-SOSEBEE","Medium",1999,22377.9
"NEFSC-SDOGATLC-1962-2006-SOSEBEE","Medium",2000,15209.39
"NEFSC-SDOGATLC-1962-2006-SOSEBEE","Medium",2001,10439.14
"NEFSC-SDOGATLC-1962-2006-SOSEBEE","Medium",2002,10757.48
"NEFSC-SDOGATLC-1962-2006-SOSEBEE","Medium",2003,6707.68
"NEFSC-SDOGATLC-1962-2006-SOSEBEE","Medium",2004,9118.14
"NEFSC-SDOGATLC-1962-2006-SOSEBEE","Medium",2005,7774.82
"NEFSC-SFLOUNMATLC-1940-2007-BAUM","Medium",1982,18693
"NEFSC-SFLOUNMATLC-1940-2007-BAUM","Medium",1983,26466
"NEFSC-SFLOUNMATLC-1940-2007-BAUM","Medium",1984,26057
"NEFSC-SFLOUNMATLC-1940-2007-BAUM","Medium",1985,20432
"NEFSC-SFLOUNMATLC-1940-2007-BAUM","Medium",1986,20866
"NEFSC-SFLOUNMATLC-1940-2007-BAUM","Medium",1987,18312
"NEFSC-SFLOUNMATLC-1940-2007-BAUM","Medium",1988,21661
"NEFSC-SFLOUNMATLC-1940-2007-BAUM","Medium",1989,10314
"NEFSC-SFLOUNMATLC-1940-2007-BAUM","Medium",1990,7976
"NEFSC-SFLOUNMATLC-1940-2007-BAUM","Medium",1991,11316
"NEFSC-SFLOUNMATLC-1940-2007-BAUM","Medium",1992,11805
"NEFSC-SFLOUNMATLC-1940-2007-BAUM","Medium",1993,11477
"NEFSC-SFLOUNMATLC-1940-2007-BAUM","Medium",1994,12412
"NEFSC-SFLOUNMATLC-1940-2007-BAUM","Medium",1995,10496
"NEFSC-SFLOUNMATLC-1940-2007-BAUM","Medium",1996,11459
"NEFSC-SFLOUNMATLC-1940-2007-BAUM","Medium",1997,10258
"NEFSC-SFLOUNMATLC-1940-2007-BAUM","Medium",1998,11858
"NEFSC-SFLOUNMATLC-1940-2007-BAUM","Medium",1999,10874
"NEFSC-SFLOUNMATLC-1940-2007-BAUM","Medium",2000,14233
"NEFSC-SFLOUNMATLC-1940-2007-BAUM","Medium",2001,11991
"NEFSC-SFLOUNMATLC-1940-2007-BAUM","Medium",2002,11431
"NEFSC-SFLOUNMATLC-1940-2007-BAUM","Medium",2003,13139
"NEFSC-SFLOUNMATLC-1940-2007-BAUM","Medium",2004,14337
"NEFSC-SFLOUNMATLC-1940-2007-BAUM","Medium",2005,13779
"NEFSC-SFLOUNMATLC-1940-2007-BAUM","Medium",2006,12337
"NEFSC-SFLOUNMATLC-1940-2007-BAUM","Medium",2007,10368
"NEFSC-SHAKEGOMNGB-1955-2005-COL","Medium",1955,53361
"NEFSC-SHAKEGOMNGB-1955-2005-COL","Medium",1956,42150
"NEFSC-SHAKEGOMNGB-1955-2005-COL","Medium",1957,62750
"NEFSC-SHAKEGOMNGB-1955-2005-COL","Medium",1958,49903
"NEFSC-SHAKEGOMNGB-1955-2005-COL","Medium",1959,50608
"NEFSC-SHAKEGOMNGB-1955-2005-COL","Medium",1960,45543
"NEFSC-SHAKEGOMNGB-1955-2005-COL","Medium",1961,39688
"NEFSC-SHAKEGOMNGB-1955-2005-COL","Medium",1962,79002
"NEFSC-SHAKEGOMNGB-1955-2005-COL","Medium",1963,73924
"NEFSC-SHAKEGOMNGB-1955-2005-COL","Medium",1964,94462
"NEFSC-SHAKEGOMNGB-1955-2005-COL","Medium",1965,45242
"NEFSC-SHAKEGOMNGB-1955-2005-COL","Medium",1966,47716
"NEFSC-SHAKEGOMNGB-1955-2005-COL","Medium",1967,33371
"NEFSC-SHAKEGOMNGB-1955-2005-COL","Medium",1968,41379
"NEFSC-SHAKEGOMNGB-1955-2005-COL","Medium",1969,23964
"NEFSC-SHAKEGOMNGB-1955-2005-COL","Medium",1970,27528
"NEFSC-SHAKEGOMNGB-1955-2005-COL","Medium",1971,36401
"NEFSC-SHAKEGOMNGB-1955-2005-COL","Medium",1972,25224
"NEFSC-SHAKEGOMNGB-1955-2005-COL","Medium",1973,32083
"NEFSC-SHAKEGOMNGB-1955-2005-COL","Medium",1974,20680
"NEFSC-SHAKEGOMNGB-1955-2005-COL","Medium",1975,39874
"NEFSC-SHAKEGOMNGB-1955-2005-COL","Medium",1976,13634
"NEFSC-SHAKEGOMNGB-1955-2005-COL","Medium",1977,12457
"NEFSC-SHAKEGOMNGB-1955-2005-COL","Medium",1978,12609
"NEFSC-SHAKEGOMNGB-1955-2005-COL","Medium",1979,3415
"NEFSC-SHAKEGOMNGB-1955-2005-COL","Medium",1980,4730
"NEFSC-SHAKEGOMNGB-1955-2005-COL","Medium",1981,4416
"NEFSC-SHAKEGOMNGB-1955-2005-COL","Medium",1982,4656
"NEFSC-SHAKEGOMNGB-1955-2005-COL","Medium",1983,5310
"NEFSC-SHAKEGOMNGB-1955-2005-COL","Medium",1984,8289
"NEFSC-SHAKEGOMNGB-1955-2005-COL","Medium",1985,8297
"NEFSC-SHAKEGOMNGB-1955-2005-COL","Medium",1986,8502
"NEFSC-SHAKEGOMNGB-1955-2005-COL","Medium",1987,5658
"NEFSC-SHAKEGOMNGB-1955-2005-COL","Medium",1988,6767
"NEFSC-SHAKEGOMNGB-1955-2005-COL","Medium",1989,4646
"NEFSC-SHAKEGOMNGB-1955-2005-COL","Medium",1990,6379
"NEFSC-SHAKEGOMNGB-1955-2005-COL","Medium",1991,6053
"NEFSC-SHAKEGOMNGB-1955-2005-COL","Medium",1992,5302
"NEFSC-SHAKEGOMNGB-1955-2005-COL","Medium",1993,4360
"NEFSC-SHAKEGOMNGB-1955-2005-COL","Medium",1994,5724
"NEFSC-SHAKEGOMNGB-1955-2005-COL","Medium",1995,3033.38
"NEFSC-SHAKEGOMNGB-1955-2005-COL","Medium",1996,3200.42
"NEFSC-SHAKEGOMNGB-1955-2005-COL","Medium",1997,2591.33
"NEFSC-SHAKEGOMNGB-1955-2005-COL","Medium",1998,2257.99
"NEFSC-SHAKEGOMNGB-1955-2005-COL","Medium",1999,4042.3
"NEFSC-SHAKEGOMNGB-1955-2005-COL","Medium",2000,2418.4
"NEFSC-SHAKEGOMNGB-1955-2005-COL","Medium",2001,3445.7
"NEFSC-SHAKEGOMNGB-1955-2005-COL","Medium",2002,2839.061694
"NEFSC-SHAKEGOMNGB-1955-2005-COL","Medium",2003,1727.14
"NEFSC-SHAKEGOMNGB-1955-2005-COL","Medium",2004,556.563765
"NEFSC-SHAKEGOMNGB-1955-2005-COL","Medium",2005,240.98
"NEFSC-SHAKESGBMATL-1955-2005-COL","Medium",1955,13842
"NEFSC-SHAKESGBMATL-1955-2005-COL","Medium",1956,14871
"NEFSC-SHAKESGBMATL-1955-2005-COL","Medium",1957,17153
"NEFSC-SHAKESGBMATL-1955-2005-COL","Medium",1958,13473
"NEFSC-SHAKESGBMATL-1955-2005-COL","Medium",1959,17112
"NEFSC-SHAKESGBMATL-1955-2005-COL","Medium",1960,9206
"NEFSC-SHAKESGBMATL-1955-2005-COL","Medium",1961,13209
"NEFSC-SHAKESGBMATL-1955-2005-COL","Medium",1962,18733
"NEFSC-SHAKESGBMATL-1955-2005-COL","Medium",1963,93382
"NEFSC-SHAKESGBMATL-1955-2005-COL","Medium",1964,153554
"NEFSC-SHAKESGBMATL-1955-2005-COL","Medium",1965,307131
"NEFSC-SHAKESGBMATL-1955-2005-COL","Medium",1966,211270
"NEFSC-SHAKESGBMATL-1955-2005-COL","Medium",1967,91249
"NEFSC-SHAKESGBMATL-1955-2005-COL","Medium",1968,58496
"NEFSC-SHAKESGBMATL-1955-2005-COL","Medium",1969,75561
"NEFSC-SHAKESGBMATL-1955-2005-COL","Medium",1970,27512
"NEFSC-SHAKESGBMATL-1955-2005-COL","Medium",1971,71890
"NEFSC-SHAKESGBMATL-1955-2005-COL","Medium",1972,94354
"NEFSC-SHAKESGBMATL-1955-2005-COL","Medium",1973,104593
"NEFSC-SHAKESGBMATL-1955-2005-COL","Medium",1974,109863
"NEFSC-SHAKESGBMATL-1955-2005-COL","Medium",1975,74253
"NEFSC-SHAKESGBMATL-1955-2005-COL","Medium",1976,68741
"NEFSC-SHAKESGBMATL-1955-2005-COL","Medium",1977,59308
"NEFSC-SHAKESGBMATL-1955-2005-COL","Medium",1978,27132
"NEFSC-SHAKESGBMATL-1955-2005-COL","Medium",1979,18375
"NEFSC-SHAKESGBMATL-1955-2005-COL","Medium",1980,13546
"NEFSC-SHAKESGBMATL-1955-2005-COL","Medium",1981,14826
"NEFSC-SHAKESGBMATL-1955-2005-COL","Medium",1982,14561
"NEFSC-SHAKESGBMATL-1955-2005-COL","Medium",1983,12140
"NEFSC-SHAKESGBMATL-1955-2005-COL","Medium",1984,13143
"NEFSC-SHAKESGBMATL-1955-2005-COL","Medium",1985,13164
"NEFSC-SHAKESGBMATL-1955-2005-COL","Medium",1986,10123
"NEFSC-SHAKESGBMATL-1955-2005-COL","Medium",1987,10123
"NEFSC-SHAKESGBMATL-1955-2005-COL","Medium",1988,9195
"NEFSC-SHAKESGBMATL-1955-2005-COL","Medium",1989,13169
"NEFSC-SHAKESGBMATL-1955-2005-COL","Medium",1990,13615
"NEFSC-SHAKESGBMATL-1955-2005-COL","Medium",1991,10093
"NEFSC-SHAKESGBMATL-1955-2005-COL","Medium",1992,10288
"NEFSC-SHAKESGBMATL-1955-2005-COL","Medium",1993,12912
"NEFSC-SHAKESGBMATL-1955-2005-COL","Medium",1994,10333.53
"NEFSC-SHAKESGBMATL-1955-2005-COL","Medium",1995,11693.61
"NEFSC-SHAKESGBMATL-1955-2005-COL","Medium",1996,12998.99
"NEFSC-SHAKESGBMATL-1955-2005-COL","Medium",1997,12993.6
"NEFSC-SHAKESGBMATL-1955-2005-COL","Medium",1998,12701.05
"NEFSC-SHAKESGBMATL-1955-2005-COL","Medium",1999,9969.59
"NEFSC-SHAKESGBMATL-1955-2005-COL","Medium",2000,9759.71
"NEFSC-SHAKESGBMATL-1955-2005-COL","Medium",2001,8694.42
"NEFSC-SHAKESGBMATL-1955-2005-COL","Medium",2002,5153.338306
"NEFSC-SHAKESGBMATL-1955-2005-COL","Medium",2003,6915.5
"NEFSC-SHAKESGBMATL-1955-2005-COL","Medium",2004,7888.736235
"NEFSC-SHAKESGBMATL-1955-2005-COL","Medium",2005,6572
"NEFSC-STRIPEDBASSGOMCHATT-1982-2006-SHEPHERD","Medium",1982,2135.44
"NEFSC-STRIPEDBASSGOMCHATT-1982-2006-SHEPHERD","Medium",1983,1862.64
"NEFSC-STRIPEDBASSGOMCHATT-1982-2006-SHEPHERD","Medium",1984,1685.31
"NEFSC-STRIPEDBASSGOMCHATT-1982-2006-SHEPHERD","Medium",1985,806.88
"NEFSC-STRIPEDBASSGOMCHATT-1982-2006-SHEPHERD","Medium",1986,564.56
"NEFSC-STRIPEDBASSGOMCHATT-1982-2006-SHEPHERD","Medium",1987,450.66
"NEFSC-STRIPEDBASSGOMCHATT-1982-2006-SHEPHERD","Medium",1988,694.18
"NEFSC-STRIPEDBASSGOMCHATT-1982-2006-SHEPHERD","Medium",1989,426.8
"NEFSC-STRIPEDBASSGOMCHATT-1982-2006-SHEPHERD","Medium",1990,1322.62
"NEFSC-STRIPEDBASSGOMCHATT-1982-2006-SHEPHERD","Medium",1991,2320.51
"NEFSC-STRIPEDBASSGOMCHATT-1982-2006-SHEPHERD","Medium",1992,2480.24
"NEFSC-STRIPEDBASSGOMCHATT-1982-2006-SHEPHERD","Medium",1993,3357.05
"NEFSC-STRIPEDBASSGOMCHATT-1982-2006-SHEPHERD","Medium",1994,3888.78
"NEFSC-STRIPEDBASSGOMCHATT-1982-2006-SHEPHERD","Medium",1995,7263.78
"NEFSC-STRIPEDBASSGOMCHATT-1982-2006-SHEPHERD","Medium",1996,7580.72
"NEFSC-STRIPEDBASSGOMCHATT-1982-2006-SHEPHERD","Medium",1997,10015.11
"NEFSC-STRIPEDBASSGOMCHATT-1982-2006-SHEPHERD","Medium",1998,8785.68
"NEFSC-STRIPEDBASSGOMCHATT-1982-2006-SHEPHERD","Medium",1999,9298.5
"NEFSC-STRIPEDBASSGOMCHATT-1982-2006-SHEPHERD","Medium",2000,11098.52
"NEFSC-STRIPEDBASSGOMCHATT-1982-2006-SHEPHERD","Medium",2001,11723.32
"NEFSC-STRIPEDBASSGOMCHATT-1982-2006-SHEPHERD","Medium",2002,11189.3
"NEFSC-STRIPEDBASSGOMCHATT-1982-2006-SHEPHERD","Medium",2003,13603.49
"NEFSC-STRIPEDBASSGOMCHATT-1982-2006-SHEPHERD","Medium",2004,15928.2
"NEFSC-STRIPEDBASSGOMCHATT-1982-2006-SHEPHERD","Medium",2005,14806.52
"NEFSC-STRIPEDBASSGOMCHATT-1982-2006-SHEPHERD","Medium",2006,16887.34
"NEFSC-SURFMATLC-1965-2008-JACOBSON","Medium",1982,22882
"NEFSC-SURFMATLC-1965-2008-JACOBSON","Medium",1983,23226
"NEFSC-SURFMATLC-1965-2008-JACOBSON","Medium",1984,27627
"NEFSC-SURFMATLC-1965-2008-JACOBSON","Medium",1985,26391
"NEFSC-SURFMATLC-1965-2008-JACOBSON","Medium",1986,27320
"NEFSC-SURFMATLC-1965-2008-JACOBSON","Medium",1987,23634
"NEFSC-SURFMATLC-1965-2008-JACOBSON","Medium",1988,24813
"NEFSC-SURFMATLC-1965-2008-JACOBSON","Medium",1989,23199
"NEFSC-SURFMATLC-1965-2008-JACOBSON","Medium",1990,25287
"NEFSC-SURFMATLC-1965-2008-JACOBSON","Medium",1991,21151
"NEFSC-SURFMATLC-1965-2008-JACOBSON","Medium",1992,22709
"NEFSC-SURFMATLC-1965-2008-JACOBSON","Medium",1993,21859
"NEFSC-SURFMATLC-1965-2008-JACOBSON","Medium",1994,21942
"NEFSC-TILEMATLC-1973-2008-NITSCHKE","Medium",1973,394
"NEFSC-TILEMATLC-1973-2008-NITSCHKE","Medium",1974,586
"NEFSC-TILEMATLC-1973-2008-NITSCHKE","Medium",1975,710
"NEFSC-TILEMATLC-1973-2008-NITSCHKE","Medium",1976,1010
"NEFSC-TILEMATLC-1973-2008-NITSCHKE","Medium",1977,2082
"NEFSC-TILEMATLC-1973-2008-NITSCHKE","Medium",1978,3257
"NEFSC-TILEMATLC-1973-2008-NITSCHKE","Medium",1979,3968
"NEFSC-TILEMATLC-1973-2008-NITSCHKE","Medium",1980,3889
"NEFSC-TILEMATLC-1973-2008-NITSCHKE","Medium",1981,3499
"NEFSC-TILEMATLC-1973-2008-NITSCHKE","Medium",1982,1990
"NEFSC-TILEMATLC-1973-2008-NITSCHKE","Medium",1983,1876
"NEFSC-TILEMATLC-1973-2008-NITSCHKE","Medium",1984,2009
"NEFSC-TILEMATLC-1973-2008-NITSCHKE","Medium",1985,1961
"NEFSC-TILEMATLC-1973-2008-NITSCHKE","Medium",1986,1950
"NEFSC-TILEMATLC-1973-2008-NITSCHKE","Medium",1987,3210
"NEFSC-TILEMATLC-1973-2008-NITSCHKE","Medium",1988,1361
"NEFSC-TILEMATLC-1973-2008-NITSCHKE","Medium",1989,454
"NEFSC-TILEMATLC-1973-2008-NITSCHKE","Medium",1990,874
"NEFSC-TILEMATLC-1973-2008-NITSCHKE","Medium",1991,1189
"NEFSC-TILEMATLC-1973-2008-NITSCHKE","Medium",1992,1653
"NEFSC-TILEMATLC-1973-2008-NITSCHKE","Medium",1993,1838
"NEFSC-TILEMATLC-1973-2008-NITSCHKE","Medium",1994,785.73
"NEFSC-TILEMATLC-1973-2008-NITSCHKE","Medium",1995,665.71
"NEFSC-TILEMATLC-1973-2008-NITSCHKE","Medium",1996,1120.71
"NEFSC-TILEMATLC-1973-2008-NITSCHKE","Medium",1997,1801.55
"NEFSC-TILEMATLC-1973-2008-NITSCHKE","Medium",1998,1334.45
"NEFSC-TILEMATLC-1973-2008-NITSCHKE","Medium",1999,508.12
"NEFSC-TILEMATLC-1973-2008-NITSCHKE","Medium",2000,503.85
"NEFSC-TILEMATLC-1973-2008-NITSCHKE","Medium",2001,870.94
"NEFSC-TILEMATLC-1973-2008-NITSCHKE","Medium",2002,843.28
"NEFSC-TILEMATLC-1973-2008-NITSCHKE","Medium",2003,1130.32
"NEFSC-TILEMATLC-1973-2008-NITSCHKE","Medium",2004,1215.04
"NEFSC-TILEMATLC-1973-2008-NITSCHKE","Medium",2005,868
"NEFSC-TILEMATLC-1973-2008-NITSCHKE","Medium",2006,906.59
"NEFSC-TILEMATLC-1973-2008-NITSCHKE","Medium",2007,751.29
"NEFSC-TILEMATLC-1973-2008-NITSCHKE","Medium",2008,736
"NEFSC-WEAKFISHATLC-1981-2008-STANTON","Medium",1981,20417
"NEFSC-WEAKFISHATLC-1981-2008-STANTON","Medium",1982,13534
"NEFSC-WEAKFISHATLC-1981-2008-STANTON","Medium",1983,13927
"NEFSC-WEAKFISHATLC-1981-2008-STANTON","Medium",1984,13068
"NEFSC-WEAKFISHATLC-1981-2008-STANTON","Medium",1985,10879
"NEFSC-WEAKFISHATLC-1981-2008-STANTON","Medium",1986,14948
"NEFSC-WEAKFISHATLC-1981-2008-STANTON","Medium",1987,11429
"NEFSC-WEAKFISHATLC-1981-2008-STANTON","Medium",1988,12839
"NEFSC-WEAKFISHATLC-1981-2008-STANTON","Medium",1989,7990
"NEFSC-WEAKFISHATLC-1981-2008-STANTON","Medium",1990,5254
"NEFSC-WEAKFISHATLC-1981-2008-STANTON","Medium",1991,5334
"NEFSC-WEAKFISHATLC-1981-2008-STANTON","Medium",1992,4396
"NEFSC-WEAKFISHATLC-1981-2008-STANTON","Medium",1993,4085
"NEFSC-WEAKFISHATLC-1981-2008-STANTON","Medium",1994,4792
"NEFSC-WEAKFISHATLC-1981-2008-STANTON","Medium",1995,5026
"NEFSC-WEAKFISHATLC-1981-2008-STANTON","Medium",1996,5654
"NEFSC-WEAKFISHATLC-1981-2008-STANTON","Medium",1997,6046
"NEFSC-WEAKFISHATLC-1981-2008-STANTON","Medium",1998,6595
"NEFSC-WEAKFISHATLC-1981-2008-STANTON","Medium",1999,5423
"NEFSC-WEAKFISHATLC-1981-2008-STANTON","Medium",2000,5112
"NEFSC-WEAKFISHATLC-1981-2008-STANTON","Medium",2001,4800
"NEFSC-WEAKFISHATLC-1981-2008-STANTON","Medium",2002,3785
"NEFSC-WEAKFISHATLC-1981-2008-STANTON","Medium",2003,1596
"NEFSC-WEAKFISHATLC-1981-2008-STANTON","Medium",2004,1363
"NEFSC-WEAKFISHATLC-1981-2008-STANTON","Medium",2005,1521
"NEFSC-WEAKFISHATLC-1981-2008-STANTON","Medium",2006,1209
"NEFSC-WEAKFISHATLC-1981-2008-STANTON","Medium",2007,1054
"NEFSC-WEAKFISHATLC-1981-2008-STANTON","Medium",2008,899
"NEFSC-WHAKEGBGOM-1963-2007-SOSEBEE","Medium",1963,4100
"NEFSC-WHAKEGBGOM-1963-2007-SOSEBEE","Medium",1964,3995.32
"NEFSC-WHAKEGBGOM-1963-2007-SOSEBEE","Medium",1965,3433.75
"NEFSC-WHAKEGBGOM-1963-2007-SOSEBEE","Medium",1966,2050.8
"NEFSC-WHAKEGBGOM-1963-2007-SOSEBEE","Medium",1967,1498.41
"NEFSC-WHAKEGBGOM-1963-2007-SOSEBEE","Medium",1968,1699.16
"NEFSC-WHAKEGBGOM-1963-2007-SOSEBEE","Medium",1969,1814.63
"NEFSC-WHAKEGBGOM-1963-2007-SOSEBEE","Medium",1970,2798.7
"NEFSC-WHAKEGBGOM-1963-2007-SOSEBEE","Medium",1971,3801.13
"NEFSC-WHAKEGBGOM-1963-2007-SOSEBEE","Medium",1972,4126.53
"NEFSC-WHAKEGBGOM-1963-2007-SOSEBEE","Medium",1973,4462.43
"NEFSC-WHAKEGBGOM-1963-2007-SOSEBEE","Medium",1974,5254.93
"NEFSC-WHAKEGBGOM-1963-2007-SOSEBEE","Medium",1975,5009.57
"NEFSC-WHAKEGBGOM-1963-2007-SOSEBEE","Medium",1976,5640.69
"NEFSC-WHAKEGBGOM-1963-2007-SOSEBEE","Medium",1977,7195.52
"NEFSC-WHAKEGBGOM-1963-2007-SOSEBEE","Medium",1978,6630.01
"NEFSC-WHAKEGBGOM-1963-2007-SOSEBEE","Medium",1979,5640.69
"NEFSC-WHAKEGBGOM-1963-2007-SOSEBEE","Medium",1980,6630.01
"NEFSC-WHAKEGBGOM-1963-2007-SOSEBEE","Medium",1981,8427.58
"NEFSC-WHAKEGBGOM-1963-2007-SOSEBEE","Medium",1982,9112.49
"NEFSC-WHAKEGBGOM-1963-2007-SOSEBEE","Medium",1983,9470.69
"NEFSC-WHAKEGBGOM-1963-2007-SOSEBEE","Medium",1984,10194.97
"NEFSC-WHAKEGBGOM-1963-2007-SOSEBEE","Medium",1985,10898.25
"NEFSC-WHAKEGBGOM-1963-2007-SOSEBEE","Medium",1986,9269.94
"NEFSC-WHAKEGBGOM-1963-2007-SOSEBEE","Medium",1987,8361.97
"NEFSC-WHAKEGBGOM-1963-2007-SOSEBEE","Medium",1988,6976.4
"NEFSC-WHAKEGBGOM-1963-2007-SOSEBEE","Medium",1989,7955.04
"NEFSC-WHAKEGBGOM-1963-2007-SOSEBEE","Medium",1990,8154.21
"NEFSC-WHAKEGBGOM-1963-2007-SOSEBEE","Medium",1991,8214.61
"NEFSC-WHAKEGBGOM-1963-2007-SOSEBEE","Medium",1992,12602.02
"NEFSC-WHAKEGBGOM-1963-2007-SOSEBEE","Medium",1993,10342.43
"NEFSC-WHAKEGBGOM-1963-2007-SOSEBEE","Medium",1994,7108.03
"NEFSC-WHAKEGBGOM-1963-2007-SOSEBEE","Medium",1995,5791.44
"NEFSC-WHAKEGBGOM-1963-2007-SOSEBEE","Medium",1996,4108.19
"NEFSC-WHAKEGBGOM-1963-2007-SOSEBEE","Medium",1997,3391.32
"NEFSC-WHAKEGBGOM-1963-2007-SOSEBEE","Medium",1998,3723.61
"NEFSC-WHAKEGBGOM-1963-2007-SOSEBEE","Medium",1999,4461.52
"NEFSC-WHAKEGBGOM-1963-2007-SOSEBEE","Medium",2000,4374.84
"NEFSC-WHAKEGBGOM-1963-2007-SOSEBEE","Medium",2001,5998.46
"NEFSC-WHAKEGBGOM-1963-2007-SOSEBEE","Medium",2002,3763.2
"NEFSC-WHAKEGBGOM-1963-2007-SOSEBEE","Medium",2003,5080.57
"NEFSC-WHAKEGBGOM-1963-2007-SOSEBEE","Medium",2004,4229.26
"NEFSC-WHAKEGBGOM-1963-2007-SOSEBEE","Medium",2005,3135.81
"NEFSC-WHAKEGBGOM-1963-2007-SOSEBEE","Medium",2006,2256.07
"NEFSC-WHAKEGBGOM-1963-2007-SOSEBEE","Medium",2007,2207.16
"NEFSC-WINDOWGOMGB-1975-2007-HENDRICKSON","Medium",1975,1553.14
"NEFSC-WINDOWGOMGB-1975-2007-HENDRICKSON","Medium",1976,1798.96
"NEFSC-WINDOWGOMGB-1975-2007-HENDRICKSON","Medium",1977,1539.21
"NEFSC-WINDOWGOMGB-1975-2007-HENDRICKSON","Medium",1978,1388.2
"NEFSC-WINDOWGOMGB-1975-2007-HENDRICKSON","Medium",1979,1382.71
"NEFSC-WINDOWGOMGB-1975-2007-HENDRICKSON","Medium",1980,998.54
"NEFSC-WINDOWGOMGB-1975-2007-HENDRICKSON","Medium",1981,1058.95
"NEFSC-WINDOWGOMGB-1975-2007-HENDRICKSON","Medium",1982,1226.97
"NEFSC-WINDOWGOMGB-1975-2007-HENDRICKSON","Medium",1983,1357.56
"NEFSC-WINDOWGOMGB-1975-2007-HENDRICKSON","Medium",1984,1557.99
"NEFSC-WINDOWGOMGB-1975-2007-HENDRICKSON","Medium",1985,2832.77
"NEFSC-WINDOWGOMGB-1975-2007-HENDRICKSON","Medium",1986,2464.78
"NEFSC-WINDOWGOMGB-1975-2007-HENDRICKSON","Medium",1987,2012.87
"NEFSC-WINDOWGOMGB-1975-2007-HENDRICKSON","Medium",1988,2082.14
"NEFSC-WINDOWGOMGB-1975-2007-HENDRICKSON","Medium",1989,2059.9
"NEFSC-WINDOWGOMGB-1975-2007-HENDRICKSON","Medium",1990,2120.24
"NEFSC-WINDOWGOMGB-1975-2007-HENDRICKSON","Medium",1991,3645.29
"NEFSC-WINDOWGOMGB-1975-2007-HENDRICKSON","Medium",1992,1846.56
"NEFSC-WINDOWGOMGB-1975-2007-HENDRICKSON","Medium",1993,1576.93
"NEFSC-WINDOWGOMGB-1975-2007-HENDRICKSON","Medium",1994,680.91
"NEFSC-WINDOWGOMGB-1975-2007-HENDRICKSON","Medium",1995,1467.2
"NEFSC-WINDOWGOMGB-1975-2007-HENDRICKSON","Medium",1996,1182.94
"NEFSC-WINDOWGOMGB-1975-2007-HENDRICKSON","Medium",1997,1546.62
"NEFSC-WINDOWGOMGB-1975-2007-HENDRICKSON","Medium",1998,670.38
"NEFSC-WINDOWGOMGB-1975-2007-HENDRICKSON","Medium",1999,104.76
"NEFSC-WINDOWGOMGB-1975-2007-HENDRICKSON","Medium",2000,349.26
"NEFSC-WINDOWGOMGB-1975-2007-HENDRICKSON","Medium",2001,232.69
"NEFSC-WINDOWGOMGB-1975-2007-HENDRICKSON","Medium",2002,166.03
"NEFSC-WINDOWGOMGB-1975-2007-HENDRICKSON","Medium",2003,370.86
"NEFSC-WINDOWGOMGB-1975-2007-HENDRICKSON","Medium",2004,314.56
"NEFSC-WINDOWGOMGB-1975-2007-HENDRICKSON","Medium",2005,955.26
"NEFSC-WINDOWGOMGB-1975-2007-HENDRICKSON","Medium",2006,687.04
"NEFSC-WINDOWGOMGB-1975-2007-HENDRICKSON","Medium",2007,1031.5
"NEFSC-WINDOWSNEMATL-1975-2007-HENDRICKSON","Medium",1975,1168.93
"NEFSC-WINDOWSNEMATL-1975-2007-HENDRICKSON","Medium",1976,1191.69
"NEFSC-WINDOWSNEMATL-1975-2007-HENDRICKSON","Medium",1977,1230.44
"NEFSC-WINDOWSNEMATL-1975-2007-HENDRICKSON","Medium",1978,1893.7
"NEFSC-WINDOWSNEMATL-1975-2007-HENDRICKSON","Medium",1979,1703.65
"NEFSC-WINDOWSNEMATL-1975-2007-HENDRICKSON","Medium",1980,1524.09
"NEFSC-WINDOWSNEMATL-1975-2007-HENDRICKSON","Medium",1981,1804.56
"NEFSC-WINDOWSNEMATL-1975-2007-HENDRICKSON","Medium",1982,3614.46
"NEFSC-WINDOWSNEMATL-1975-2007-HENDRICKSON","Medium",1983,4478.41
"NEFSC-WINDOWSNEMATL-1975-2007-HENDRICKSON","Medium",1984,4572.33
"NEFSC-WINDOWSNEMATL-1975-2007-HENDRICKSON","Medium",1985,4903.23
"NEFSC-WINDOWSNEMATL-1975-2007-HENDRICKSON","Medium",1986,4538.8
"NEFSC-WINDOWSNEMATL-1975-2007-HENDRICKSON","Medium",1987,3992.72
"NEFSC-WINDOWSNEMATL-1975-2007-HENDRICKSON","Medium",1988,4324.35
"NEFSC-WINDOWSNEMATL-1975-2007-HENDRICKSON","Medium",1989,4624.35
"NEFSC-WINDOWSNEMATL-1975-2007-HENDRICKSON","Medium",1990,5399.87
"NEFSC-WINDOWSNEMATL-1975-2007-HENDRICKSON","Medium",1991,3949.9
"NEFSC-WINDOWSNEMATL-1975-2007-HENDRICKSON","Medium",1992,1133.51
"NEFSC-WINDOWSNEMATL-1975-2007-HENDRICKSON","Medium",1993,872.48
"NEFSC-WINDOWSNEMATL-1975-2007-HENDRICKSON","Medium",1994,1175.4
"NEFSC-WINDOWSNEMATL-1975-2007-HENDRICKSON","Medium",1995,486.16
"NEFSC-WINDOWSNEMATL-1975-2007-HENDRICKSON","Medium",1996,604.95
"NEFSC-WINDOWSNEMATL-1975-2007-HENDRICKSON","Medium",1997,340.49
"NEFSC-WINDOWSNEMATL-1975-2007-HENDRICKSON","Medium",1998,523.92
"NEFSC-WINDOWSNEMATL-1975-2007-HENDRICKSON","Medium",1999,525.55
"NEFSC-WINDOWSNEMATL-1975-2007-HENDRICKSON","Medium",2000,262.91
"NEFSC-WINDOWSNEMATL-1975-2007-HENDRICKSON","Medium",2001,181.22
"NEFSC-WINDOWSNEMATL-1975-2007-HENDRICKSON","Medium",2002,246.86
"NEFSC-WINDOWSNEMATL-1975-2007-HENDRICKSON","Medium",2003,449
"NEFSC-WINDOWSNEMATL-1975-2007-HENDRICKSON","Medium",2004,380.9
"NEFSC-WINDOWSNEMATL-1975-2007-HENDRICKSON","Medium",2005,314.38
"NEFSC-WINDOWSNEMATL-1975-2007-HENDRICKSON","Medium",2006,461.09
"NEFSC-WINDOWSNEMATL-1975-2007-HENDRICKSON","Medium",2007,390
"NEFSC-WINFLOUN5Z-1982-2007-HENDRICKSON","Medium",1982,3224.08
"NEFSC-WINFLOUN5Z-1982-2007-HENDRICKSON","Medium",1983,4133.06
"NEFSC-WINFLOUN5Z-1982-2007-HENDRICKSON","Medium",1984,4125.7
"NEFSC-WINFLOUN5Z-1982-2007-HENDRICKSON","Medium",1985,2321.16
"NEFSC-WINFLOUN5Z-1982-2007-HENDRICKSON","Medium",1986,1967.86
"NEFSC-WINFLOUN5Z-1982-2007-HENDRICKSON","Medium",1987,2940.75
"NEFSC-WINFLOUN5Z-1982-2007-HENDRICKSON","Medium",1988,3151.83
"NEFSC-WINFLOUN5Z-1982-2007-HENDRICKSON","Medium",1989,2207.31
"NEFSC-WINFLOUN5Z-1982-2007-HENDRICKSON","Medium",1990,2290.97
"NEFSC-WINFLOUN5Z-1982-2007-HENDRICKSON","Medium",1991,2142.07
"NEFSC-WINFLOUN5Z-1982-2007-HENDRICKSON","Medium",1992,1877.32
"NEFSC-WINFLOUN5Z-1982-2007-HENDRICKSON","Medium",1993,1693.44
"NEFSC-WINFLOUN5Z-1982-2007-HENDRICKSON","Medium",1994,1005.24
"NEFSC-WINFLOUN5Z-1982-2007-HENDRICKSON","Medium",1995,784.06
"NEFSC-WINFLOUN5Z-1982-2007-HENDRICKSON","Medium",1996,1466.97
"NEFSC-WINFLOUN5Z-1982-2007-HENDRICKSON","Medium",1997,1438.11
"NEFSC-WINFLOUN5Z-1982-2007-HENDRICKSON","Medium",1998,1452.8
"NEFSC-WINFLOUN5Z-1982-2007-HENDRICKSON","Medium",1999,1127.79
"NEFSC-WINFLOUN5Z-1982-2007-HENDRICKSON","Medium",2000,1829.37
"NEFSC-WINFLOUN5Z-1982-2007-HENDRICKSON","Medium",2001,2213.71
"NEFSC-WINFLOUN5Z-1982-2007-HENDRICKSON","Medium",2002,2364.94
"NEFSC-WINFLOUN5Z-1982-2007-HENDRICKSON","Medium",2003,3148.63
"NEFSC-WINFLOUN5Z-1982-2007-HENDRICKSON","Medium",2004,2920.54
"NEFSC-WINFLOUN5Z-1982-2007-HENDRICKSON","Medium",2005,2202.48
"NEFSC-WINFLOUN5Z-1982-2007-HENDRICKSON","Medium",2006,990.37
"NEFSC-WINFLOUN5Z-1982-2007-HENDRICKSON","Medium",2007,980.24
"NEFSC-WINFLOUND5Y-1982-2008-NITSCHKE","Medium",1982,6177.82
"NEFSC-WINFLOUND5Y-1982-2008-NITSCHKE","Medium",1983,3034.57
"NEFSC-WINFLOUND5Y-1982-2008-NITSCHKE","Medium",1984,2882.78
"NEFSC-WINFLOUND5Y-1982-2008-NITSCHKE","Medium",1985,3326.92
"NEFSC-WINFLOUND5Y-1982-2008-NITSCHKE","Medium",1986,1695.61
"NEFSC-WINFLOUND5Y-1982-2008-NITSCHKE","Medium",1987,2713.28
"NEFSC-WINFLOUND5Y-1982-2008-NITSCHKE","Medium",1988,1926.92
"NEFSC-WINFLOUND5Y-1982-2008-NITSCHKE","Medium",1989,2314.55
"NEFSC-WINFLOUND5Y-1982-2008-NITSCHKE","Medium",1990,1511.06
"NEFSC-WINFLOUND5Y-1982-2008-NITSCHKE","Medium",1991,1136.16
"NEFSC-WINFLOUND5Y-1982-2008-NITSCHKE","Medium",1992,947.03
"NEFSC-WINFLOUND5Y-1982-2008-NITSCHKE","Medium",1993,777.65
"NEFSC-WINFLOUND5Y-1982-2008-NITSCHKE","Medium",1994,639.73
"NEFSC-WINFLOUND5Y-1982-2008-NITSCHKE","Medium",1995,775.61
"NEFSC-WINFLOUND5Y-1982-2008-NITSCHKE","Medium",1996,674.21
"NEFSC-WINFLOUND5Y-1982-2008-NITSCHKE","Medium",1997,659.92
"NEFSC-WINFLOUND5Y-1982-2008-NITSCHKE","Medium",1998,689.22
"NEFSC-WINFLOUND5Y-1982-2008-NITSCHKE","Medium",1999,398.52
"NEFSC-WINFLOUND5Y-1982-2008-NITSCHKE","Medium",2000,587.01
"NEFSC-WINFLOUND5Y-1982-2008-NITSCHKE","Medium",2001,756.32
"NEFSC-WINFLOUND5Y-1982-2008-NITSCHKE","Medium",2002,739.88
"NEFSC-WINFLOUND5Y-1982-2008-NITSCHKE","Medium",2003,801.48
"NEFSC-WINFLOUND5Y-1982-2008-NITSCHKE","Medium",2004,687.33
"NEFSC-WINFLOUND5Y-1982-2008-NITSCHKE","Medium",2005,386.83
"NEFSC-WINFLOUND5Y-1982-2008-NITSCHKE","Medium",2006,245.63
"NEFSC-WINFLOUND5Y-1982-2008-NITSCHKE","Medium",2007,303.01
"NEFSC-WINFLOUNSNEMATL-1940-2007-TERCEIRO","Medium",1981,15764
"NEFSC-WINFLOUNSNEMATL-1940-2007-TERCEIRO","Medium",1982,14143
"NEFSC-WINFLOUNSNEMATL-1940-2007-TERCEIRO","Medium",1983,13582
"NEFSC-WINFLOUNSNEMATL-1940-2007-TERCEIRO","Medium",1984,15526
"NEFSC-WINFLOUNSNEMATL-1940-2007-TERCEIRO","Medium",1985,13891
"NEFSC-WINFLOUNSNEMATL-1940-2007-TERCEIRO","Medium",1986,9217
"NEFSC-WINFLOUNSNEMATL-1940-2007-TERCEIRO","Medium",1987,9352
"NEFSC-WINFLOUNSNEMATL-1940-2007-TERCEIRO","Medium",1988,8795
"NEFSC-WINFLOUNSNEMATL-1940-2007-TERCEIRO","Medium",1989,6915
"NEFSC-WINFLOUNSNEMATL-1940-2007-TERCEIRO","Medium",1990,5999
"NEFSC-WINFLOUNSNEMATL-1940-2007-TERCEIRO","Medium",1991,6842
"NEFSC-WINFLOUNSNEMATL-1940-2007-TERCEIRO","Medium",1992,4729
"NEFSC-WINFLOUNSNEMATL-1940-2007-TERCEIRO","Medium",1993,4311
"NEFSC-WINFLOUNSNEMATL-1940-2007-TERCEIRO","Medium",1994,3092
"NEFSC-WINFLOUNSNEMATL-1940-2007-TERCEIRO","Medium",1995,3434
"NEFSC-WINFLOUNSNEMATL-1940-2007-TERCEIRO","Medium",1996,3702
"NEFSC-WINFLOUNSNEMATL-1940-2007-TERCEIRO","Medium",1997,4483
"NEFSC-WINFLOUNSNEMATL-1940-2007-TERCEIRO","Medium",1998,3614
"NEFSC-WINFLOUNSNEMATL-1940-2007-TERCEIRO","Medium",1999,3745
"NEFSC-WINFLOUNSNEMATL-1940-2007-TERCEIRO","Medium",2000,4754
"NEFSC-WINFLOUNSNEMATL-1940-2007-TERCEIRO","Medium",2001,5147
"NEFSC-WINFLOUNSNEMATL-1940-2007-TERCEIRO","Medium",2002,3412
"NEFSC-WINFLOUNSNEMATL-1940-2007-TERCEIRO","Medium",2003,2827
"NEFSC-WINFLOUNSNEMATL-1940-2007-TERCEIRO","Medium",2004,1942
"NEFSC-WINFLOUNSNEMATL-1940-2007-TERCEIRO","Medium",2005,1563
"NEFSC-WINFLOUNSNEMATL-1940-2007-TERCEIRO","Medium",2006,2023
"NEFSC-WINFLOUNSNEMATL-1940-2007-TERCEIRO","Medium",2007,1857
"NEFSC-WITFLOUN5Y-1982-2008-WIGLEY","Medium",1982,4954.34
"NEFSC-WITFLOUN5Y-1982-2008-WIGLEY","Medium",1983,6161.6
"NEFSC-WITFLOUN5Y-1982-2008-WIGLEY","Medium",1984,6759.74
"NEFSC-WITFLOUN5Y-1982-2008-WIGLEY","Medium",1985,6190.87
"NEFSC-WITFLOUN5Y-1982-2008-WIGLEY","Medium",1986,4635.14
"NEFSC-WITFLOUN5Y-1982-2008-WIGLEY","Medium",1987,3497.47
"NEFSC-WITFLOUN5Y-1982-2008-WIGLEY","Medium",1988,3322
"NEFSC-WITFLOUN5Y-1982-2008-WIGLEY","Medium",1989,2144.44
"NEFSC-WITFLOUN5Y-1982-2008-WIGLEY","Medium",1990,1561.11
"NEFSC-WITFLOUN5Y-1982-2008-WIGLEY","Medium",1991,1993.91
"NEFSC-WITFLOUN5Y-1982-2008-WIGLEY","Medium",1992,2439.44
"NEFSC-WITFLOUN5Y-1982-2008-WIGLEY","Medium",1993,2824.78
"NEFSC-WITFLOUN5Y-1982-2008-WIGLEY","Medium",1994,3008.85
"NEFSC-WITFLOUN5Y-1982-2008-WIGLEY","Medium",1995,2412.12
"NEFSC-WITFLOUN5Y-1982-2008-WIGLEY","Medium",1996,2293.93
"NEFSC-WITFLOUN5Y-1982-2008-WIGLEY","Medium",1997,1980.82
"NEFSC-WITFLOUN5Y-1982-2008-WIGLEY","Medium",1998,2045.68
"NEFSC-WITFLOUN5Y-1982-2008-WIGLEY","Medium",1999,2398.47
"NEFSC-WITFLOUN5Y-1982-2008-WIGLEY","Medium",2000,2616.81
"NEFSC-WITFLOUN5Y-1982-2008-WIGLEY","Medium",2001,3327.1
"NEFSC-WITFLOUN5Y-1982-2008-WIGLEY","Medium",2002,3412.73
"NEFSC-WITFLOUN5Y-1982-2008-WIGLEY","Medium",2003,3457.94
"NEFSC-WITFLOUN5Y-1982-2008-WIGLEY","Medium",2004,3225.74
"NEFSC-WITFLOUN5Y-1982-2008-WIGLEY","Medium",2005,2802.43
"NEFSC-WITFLOUN5Y-1982-2008-WIGLEY","Medium",2006,1949.98
"NEFSC-WITFLOUN5Y-1982-2008-WIGLEY","Medium",2007,1171.56
"NEFSC-YELLCCODGOM-1935-2008-LEGAULT","Medium",1935,500
"NEFSC-YELLCCODGOM-1935-2008-LEGAULT","Medium",1936,500
"NEFSC-YELLCCODGOM-1935-2008-LEGAULT","Medium",1937,700
"NEFSC-YELLCCODGOM-1935-2008-LEGAULT","Medium",1938,700
"NEFSC-YELLCCODGOM-1935-2008-LEGAULT","Medium",1939,800
"NEFSC-YELLCCODGOM-1935-2008-LEGAULT","Medium",1940,1200
"NEFSC-YELLCCODGOM-1935-2008-LEGAULT","Medium",1941,1700
"NEFSC-YELLCCODGOM-1935-2008-LEGAULT","Medium",1942,2012
"NEFSC-YELLCCODGOM-1935-2008-LEGAULT","Medium",1943,1734
"NEFSC-YELLCCODGOM-1935-2008-LEGAULT","Medium",1944,2031
"NEFSC-YELLCCODGOM-1935-2008-LEGAULT","Medium",1945,1614
"NEFSC-YELLCCODGOM-1935-2008-LEGAULT","Medium",1946,1614
"NEFSC-YELLCCODGOM-1935-2008-LEGAULT","Medium",1947,1422
"NEFSC-YELLCCODGOM-1935-2008-LEGAULT","Medium",1948,910
"NEFSC-YELLCCODGOM-1935-2008-LEGAULT","Medium",1949,1621
"NEFSC-YELLCCODGOM-1935-2008-LEGAULT","Medium",1950,1787
"NEFSC-YELLCCODGOM-1935-2008-LEGAULT","Medium",1951,1062
"NEFSC-YELLCCODGOM-1935-2008-LEGAULT","Medium",1952,1037
"NEFSC-YELLCCODGOM-1935-2008-LEGAULT","Medium",1953,1040
"NEFSC-YELLCCODGOM-1935-2008-LEGAULT","Medium",1954,1414
"NEFSC-YELLCCODGOM-1935-2008-LEGAULT","Medium",1955,1720
"NEFSC-YELLCCODGOM-1935-2008-LEGAULT","Medium",1956,1826
"NEFSC-YELLCCODGOM-1935-2008-LEGAULT","Medium",1957,3126
"NEFSC-YELLCCODGOM-1935-2008-LEGAULT","Medium",1958,2139
"NEFSC-YELLCCODGOM-1935-2008-LEGAULT","Medium",1959,2064
"NEFSC-YELLCCODGOM-1935-2008-LEGAULT","Medium",1960,2039
"NEFSC-YELLCCODGOM-1935-2008-LEGAULT","Medium",1961,2422
"NEFSC-YELLCCODGOM-1935-2008-LEGAULT","Medium",1962,2500
"NEFSC-YELLCCODGOM-1935-2008-LEGAULT","Medium",1963,4600
"NEFSC-YELLCCODGOM-1935-2008-LEGAULT","Medium",1964,2457
"NEFSC-YELLCCODGOM-1935-2008-LEGAULT","Medium",1965,2006
"NEFSC-YELLCCODGOM-1935-2008-LEGAULT","Medium",1966,2135
"NEFSC-YELLCCODGOM-1935-2008-LEGAULT","Medium",1967,2391
"NEFSC-YELLCCODGOM-1935-2008-LEGAULT","Medium",1968,2181
"NEFSC-YELLCCODGOM-1935-2008-LEGAULT","Medium",1969,1722
"NEFSC-YELLCCODGOM-1935-2008-LEGAULT","Medium",1970,1710
"NEFSC-YELLCCODGOM-1935-2008-LEGAULT","Medium",1971,2418
"NEFSC-YELLCCODGOM-1935-2008-LEGAULT","Medium",1972,1821
"NEFSC-YELLCCODGOM-1935-2008-LEGAULT","Medium",1973,1724
"NEFSC-YELLCCODGOM-1935-2008-LEGAULT","Medium",1974,2358
"NEFSC-YELLCCODGOM-1935-2008-LEGAULT","Medium",1975,2220
"NEFSC-YELLCCODGOM-1935-2008-LEGAULT","Medium",1976,3945
"NEFSC-YELLCCODGOM-1935-2008-LEGAULT","Medium",1977,3722
"NEFSC-YELLCCODGOM-1935-2008-LEGAULT","Medium",1978,4471
"NEFSC-YELLCCODGOM-1935-2008-LEGAULT","Medium",1979,4939
"NEFSC-YELLCCODGOM-1935-2008-LEGAULT","Medium",1980,6167
"NEFSC-YELLCCODGOM-1935-2008-LEGAULT","Medium",1981,4174
"NEFSC-YELLCCODGOM-1935-2008-LEGAULT","Medium",1982,4035
"NEFSC-YELLCCODGOM-1935-2008-LEGAULT","Medium",1983,2509
"NEFSC-YELLCCODGOM-1935-2008-LEGAULT","Medium",1984,1385
"NEFSC-YELLCCODGOM-1935-2008-LEGAULT","Medium",1985,1326
"NEFSC-YELLCCODGOM-1935-2008-LEGAULT","Medium",1986,1572
"NEFSC-YELLCCODGOM-1935-2008-LEGAULT","Medium",1987,1624
"NEFSC-YELLCCODGOM-1935-2008-LEGAULT","Medium",1988,1630
"NEFSC-YELLCCODGOM-1935-2008-LEGAULT","Medium",1989,1555
"NEFSC-YELLCCODGOM-1935-2008-LEGAULT","Medium",1990,4461
"NEFSC-YELLCCODGOM-1935-2008-LEGAULT","Medium",1991,2251
"NEFSC-YELLCCODGOM-1935-2008-LEGAULT","Medium",1992,1746
"NEFSC-YELLCCODGOM-1935-2008-LEGAULT","Medium",1993,932
"NEFSC-YELLCCODGOM-1935-2008-LEGAULT","Medium",1994,1352
"NEFSC-YELLCCODGOM-1935-2008-LEGAULT","Medium",1995,1515
"NEFSC-YELLCCODGOM-1935-2008-LEGAULT","Medium",1996,1512
"NEFSC-YELLCCODGOM-1935-2008-LEGAULT","Medium",1997,1686
"NEFSC-YELLCCODGOM-1935-2008-LEGAULT","Medium",1998,1621
"NEFSC-YELLCCODGOM-1935-2008-LEGAULT","Medium",1999,1452
"NEFSC-YELLCCODGOM-1935-2008-LEGAULT","Medium",2000,2587
"NEFSC-YELLCCODGOM-1935-2008-LEGAULT","Medium",2001,2620
"NEFSC-YELLCCODGOM-1935-2008-LEGAULT","Medium",2002,2157
"NEFSC-YELLCCODGOM-1935-2008-LEGAULT","Medium",2003,1970
"NEFSC-YELLCCODGOM-1935-2008-LEGAULT","Medium",2004,1186
"NEFSC-YELLCCODGOM-1935-2008-LEGAULT","Medium",2005,997
"NEFSC-YELLCCODGOM-1935-2008-LEGAULT","Medium",2006,620
"NEFSC-YELLCCODGOM-1935-2008-LEGAULT","Medium",2007,627
"NEFSC-YELLGB-1935-2008-BAUM","Medium",1935,400
"NEFSC-YELLGB-1935-2008-BAUM","Medium",1936,400
"NEFSC-YELLGB-1935-2008-BAUM","Medium",1937,400
"NEFSC-YELLGB-1935-2008-BAUM","Medium",1938,400
"NEFSC-YELLGB-1935-2008-BAUM","Medium",1939,500
"NEFSC-YELLGB-1935-2008-BAUM","Medium",1940,800
"NEFSC-YELLGB-1935-2008-BAUM","Medium",1941,1200
"NEFSC-YELLGB-1935-2008-BAUM","Medium",1942,2100
"NEFSC-YELLGB-1935-2008-BAUM","Medium",1943,1700
"NEFSC-YELLGB-1935-2008-BAUM","Medium",1944,2300
"NEFSC-YELLGB-1935-2008-BAUM","Medium",1945,1900
"NEFSC-YELLGB-1935-2008-BAUM","Medium",1946,1200
"NEFSC-YELLGB-1935-2008-BAUM","Medium",1947,3100
"NEFSC-YELLGB-1935-2008-BAUM","Medium",1948,7700
"NEFSC-YELLGB-1935-2008-BAUM","Medium",1949,9800
"NEFSC-YELLGB-1935-2008-BAUM","Medium",1950,5300
"NEFSC-YELLGB-1935-2008-BAUM","Medium",1951,5800
"NEFSC-YELLGB-1935-2008-BAUM","Medium",1952,5000
"NEFSC-YELLGB-1935-2008-BAUM","Medium",1953,3900
"NEFSC-YELLGB-1935-2008-BAUM","Medium",1954,3900
"NEFSC-YELLGB-1935-2008-BAUM","Medium",1955,3900
"NEFSC-YELLGB-1935-2008-BAUM","Medium",1956,2200
"NEFSC-YELLGB-1935-2008-BAUM","Medium",1957,3100
"NEFSC-YELLGB-1935-2008-BAUM","Medium",1958,6100
"NEFSC-YELLGB-1935-2008-BAUM","Medium",1959,5500
"NEFSC-YELLGB-1935-2008-BAUM","Medium",1960,5900
"NEFSC-YELLGB-1935-2008-BAUM","Medium",1961,5700
"NEFSC-YELLGB-1935-2008-BAUM","Medium",1962,7700
"NEFSC-YELLGB-1935-2008-BAUM","Medium",1963,16690
"NEFSC-YELLGB-1935-2008-BAUM","Medium",1964,19814
"NEFSC-YELLGB-1935-2008-BAUM","Medium",1965,19448
"NEFSC-YELLGB-1935-2008-BAUM","Medium",1966,13741
"NEFSC-YELLGB-1935-2008-BAUM","Medium",1967,15307
"NEFSC-YELLGB-1935-2008-BAUM","Medium",1968,18321
"NEFSC-YELLGB-1935-2008-BAUM","Medium",1969,21271
"NEFSC-YELLGB-1935-2008-BAUM","Medium",1970,21410
"NEFSC-YELLGB-1935-2008-BAUM","Medium",1971,15610
"NEFSC-YELLGB-1935-2008-BAUM","Medium",1972,18039
"NEFSC-YELLGB-1935-2008-BAUM","Medium",1973,16953
"NEFSC-YELLGB-1935-2008-BAUM","Medium",1974,17211
"NEFSC-YELLGB-1935-2008-BAUM","Medium",1975,16750
"NEFSC-YELLGB-1935-2008-BAUM","Medium",1976,14988
"NEFSC-YELLGB-1935-2008-BAUM","Medium",1977,10639
"NEFSC-YELLGB-1935-2008-BAUM","Medium",1978,6944
"NEFSC-YELLGB-1935-2008-BAUM","Medium",1979,6935
"NEFSC-YELLGB-1935-2008-BAUM","Medium",1980,7539
"NEFSC-YELLGB-1935-2008-BAUM","Medium",1981,6979
"NEFSC-YELLGB-1935-2008-BAUM","Medium",1982,12520
"NEFSC-YELLGB-1935-2008-BAUM","Medium",1983,11989
"NEFSC-YELLGB-1935-2008-BAUM","Medium",1984,6280
"NEFSC-YELLGB-1935-2008-BAUM","Medium",1985,3267
"NEFSC-YELLGB-1935-2008-BAUM","Medium",1986,3474
"NEFSC-YELLGB-1935-2008-BAUM","Medium",1987,3580
"NEFSC-YELLGB-1935-2008-BAUM","Medium",1988,2759
"NEFSC-YELLGB-1935-2008-BAUM","Medium",1989,1783
"NEFSC-YELLGB-1935-2008-BAUM","Medium",1990,4089
"NEFSC-YELLGB-1935-2008-BAUM","Medium",1991,2564
"NEFSC-YELLGB-1935-2008-BAUM","Medium",1992,5299
"NEFSC-YELLGB-1935-2008-BAUM","Medium",1993,4300
"NEFSC-YELLGB-1935-2008-BAUM","Medium",1994,4167
"NEFSC-YELLGB-1935-2008-BAUM","Medium",1995,1130
"NEFSC-YELLGB-1935-2008-BAUM","Medium",1996,1675
"NEFSC-YELLGB-1935-2008-BAUM","Medium",1997,2194
"NEFSC-YELLGB-1935-2008-BAUM","Medium",1998,3619
"NEFSC-YELLGB-1935-2008-BAUM","Medium",1999,4870
"NEFSC-YELLGB-1935-2008-BAUM","Medium",2000,7055
"NEFSC-YELLGB-1935-2008-BAUM","Medium",2001,7677
"NEFSC-YELLGB-1935-2008-BAUM","Medium",2002,5859
"NEFSC-YELLGB-1935-2008-BAUM","Medium",2003,6525
"NEFSC-YELLGB-1935-2008-BAUM","Medium",2004,6905
"NEFSC-YELLGB-1935-2008-BAUM","Medium",2005,3922
"NEFSC-YELLGB-1935-2008-BAUM","Medium",2006,2162
"NEFSC-YELLGB-1935-2008-BAUM","Medium",2007,1686
"NEFSC-YELLSNEMATL-1935-2008-BAUM","Medium",1935,8400
"NEFSC-YELLSNEMATL-1935-2008-BAUM","Medium",1936,9500
"NEFSC-YELLSNEMATL-1935-2008-BAUM","Medium",1937,10600
"NEFSC-YELLSNEMATL-1935-2008-BAUM","Medium",1938,10800
"NEFSC-YELLSNEMATL-1935-2008-BAUM","Medium",1939,13300
"NEFSC-YELLSNEMATL-1935-2008-BAUM","Medium",1940,19900
"NEFSC-YELLSNEMATL-1935-2008-BAUM","Medium",1941,27000
"NEFSC-YELLSNEMATL-1935-2008-BAUM","Medium",1942,38300
"NEFSC-YELLSNEMATL-1935-2008-BAUM","Medium",1943,25300
"NEFSC-YELLSNEMATL-1935-2008-BAUM","Medium",1944,15400
"NEFSC-YELLSNEMATL-1935-2008-BAUM","Medium",1945,14600
"NEFSC-YELLSNEMATL-1935-2008-BAUM","Medium",1946,15200
"NEFSC-YELLSNEMATL-1935-2008-BAUM","Medium",1947,17000
"NEFSC-YELLSNEMATL-1935-2008-BAUM","Medium",1948,13900
"NEFSC-YELLSNEMATL-1935-2008-BAUM","Medium",1949,6800
"NEFSC-YELLSNEMATL-1935-2008-BAUM","Medium",1950,6800
"NEFSC-YELLSNEMATL-1935-2008-BAUM","Medium",1951,4000
"NEFSC-YELLSNEMATL-1935-2008-BAUM","Medium",1952,4400
"NEFSC-YELLSNEMATL-1935-2008-BAUM","Medium",1953,3100
"NEFSC-YELLSNEMATL-1935-2008-BAUM","Medium",1954,2300
"NEFSC-YELLSNEMATL-1935-2008-BAUM","Medium",1955,3400
"NEFSC-YELLSNEMATL-1935-2008-BAUM","Medium",1956,5500
"NEFSC-YELLSNEMATL-1935-2008-BAUM","Medium",1957,8400
"NEFSC-YELLSNEMATL-1935-2008-BAUM","Medium",1958,13100
"NEFSC-YELLSNEMATL-1935-2008-BAUM","Medium",1959,11300
"NEFSC-YELLSNEMATL-1935-2008-BAUM","Medium",1960,12000
"NEFSC-YELLSNEMATL-1935-2008-BAUM","Medium",1961,17700
"NEFSC-YELLSNEMATL-1935-2008-BAUM","Medium",1962,18800
"NEFSC-YELLSNEMATL-1935-2008-BAUM","Medium",1963,28200
"NEFSC-YELLSNEMATL-1935-2008-BAUM","Medium",1964,31309
"NEFSC-YELLSNEMATL-1935-2008-BAUM","Medium",1965,30917
"NEFSC-YELLSNEMATL-1935-2008-BAUM","Medium",1966,28540
"NEFSC-YELLSNEMATL-1935-2008-BAUM","Medium",1967,35640
"NEFSC-YELLSNEMATL-1935-2008-BAUM","Medium",1968,35172
"NEFSC-YELLSNEMATL-1935-2008-BAUM","Medium",1969,44369
"NEFSC-YELLSNEMATL-1935-2008-BAUM","Medium",1970,28468
"NEFSC-YELLSNEMATL-1935-2008-BAUM","Medium",1971,19328
"NEFSC-YELLSNEMATL-1935-2008-BAUM","Medium",1972,22491
"NEFSC-YELLSNEMATL-1935-2008-BAUM","Medium",1973,14549
"NEFSC-YELLSNEMATL-1935-2008-BAUM","Medium",1974,17088
"NEFSC-YELLSNEMATL-1935-2008-BAUM","Medium",1975,5732
"NEFSC-YELLSNEMATL-1935-2008-BAUM","Medium",1976,3436
"NEFSC-YELLSNEMATL-1935-2008-BAUM","Medium",1977,5223
"NEFSC-YELLSNEMATL-1935-2008-BAUM","Medium",1978,8085
"NEFSC-YELLSNEMATL-1935-2008-BAUM","Medium",1979,9883
"NEFSC-YELLSNEMATL-1935-2008-BAUM","Medium",1980,8021
"NEFSC-YELLSNEMATL-1935-2008-BAUM","Medium",1981,6607
"NEFSC-YELLSNEMATL-1935-2008-BAUM","Medium",1982,15764
"NEFSC-YELLSNEMATL-1935-2008-BAUM","Medium",1983,22211
"NEFSC-YELLSNEMATL-1935-2008-BAUM","Medium",1984,11225
"NEFSC-YELLSNEMATL-1935-2008-BAUM","Medium",1985,4817
"NEFSC-YELLSNEMATL-1935-2008-BAUM","Medium",1986,4620
"NEFSC-YELLSNEMATL-1935-2008-BAUM","Medium",1987,2652
"NEFSC-YELLSNEMATL-1935-2008-BAUM","Medium",1988,2782
"NEFSC-YELLSNEMATL-1935-2008-BAUM","Medium",1989,8349
"NEFSC-YELLSNEMATL-1935-2008-BAUM","Medium",1990,17916
"NEFSC-YELLSNEMATL-1935-2008-BAUM","Medium",1991,6430
"NEFSC-YELLSNEMATL-1935-2008-BAUM","Medium",1992,2695
"NEFSC-YELLSNEMATL-1935-2008-BAUM","Medium",1993,771
"NEFSC-YELLSNEMATL-1935-2008-BAUM","Medium",1994,729
"NEFSC-YELLSNEMATL-1935-2008-BAUM","Medium",1995,345
"NEFSC-YELLSNEMATL-1935-2008-BAUM","Medium",1996,754
"NEFSC-YELLSNEMATL-1935-2008-BAUM","Medium",1997,1247
"NEFSC-YELLSNEMATL-1935-2008-BAUM","Medium",1998,1106
"NEFSC-YELLSNEMATL-1935-2008-BAUM","Medium",1999,1479
"NEFSC-YELLSNEMATL-1935-2008-BAUM","Medium",2000,1261
"NEFSC-YELLSNEMATL-1935-2008-BAUM","Medium",2001,1326
"NEFSC-YELLSNEMATL-1935-2008-BAUM","Medium",2002,816
"NEFSC-YELLSNEMATL-1935-2008-BAUM","Medium",2003,603
"NEFSC-YELLSNEMATL-1935-2008-BAUM","Medium",2004,614
"NEFSC-YELLSNEMATL-1935-2008-BAUM","Medium",2005,367
"NEFSC-YELLSNEMATL-1935-2008-BAUM","Medium",2006,369
"NEFSC-YELLSNEMATL-1935-2008-BAUM","Medium",2007,396
"NIWA-AUSSALMONNZ-1975-2006-JENSEN","Medium",1975,1400
"NIWA-AUSSALMONNZ-1975-2006-JENSEN","Medium",1976,1480
"NIWA-AUSSALMONNZ-1975-2006-JENSEN","Medium",1977,1620
"NIWA-AUSSALMONNZ-1975-2006-JENSEN","Medium",1978,1780
"NIWA-AUSSALMONNZ-1975-2006-JENSEN","Medium",1979,1950
"NIWA-AUSSALMONNZ-1975-2006-JENSEN","Medium",1980,1990
"NIWA-AUSSALMONNZ-1975-2006-JENSEN","Medium",1981,1950
"NIWA-AUSSALMONNZ-1975-2006-JENSEN","Medium",1982,1980
"NIWA-AUSSALMONNZ-1975-2006-JENSEN","Medium",1983,2310
"NIWA-AUSSALMONNZ-1975-2006-JENSEN","Medium",1984,3270
"NIWA-AUSSALMONNZ-1975-2006-JENSEN","Medium",1985,2850
"NIWA-AUSSALMONNZ-1975-2006-JENSEN","Medium",1986,2930
"NIWA-AUSSALMONNZ-1975-2006-JENSEN","Medium",1987,3220
"NIWA-AUSSALMONNZ-1975-2006-JENSEN","Medium",1988,5620
"NIWA-AUSSALMONNZ-1975-2006-JENSEN","Medium",1989,3490
"NIWA-AUSSALMONNZ-1975-2006-JENSEN","Medium",1990,3570
"NIWA-AUSSALMONNZ-1975-2006-JENSEN","Medium",1991,3370
"NIWA-AUSSALMONNZ-1975-2006-JENSEN","Medium",1992,3480
"NIWA-AUSSALMONNZ-1975-2006-JENSEN","Medium",1993,4800
"NIWA-AUSSALMONNZ-1975-2006-JENSEN","Medium",1994,3710
"NIWA-AUSSALMONNZ-1975-2006-JENSEN","Medium",1995,3270
"NIWA-AUSSALMONNZ-1975-2006-JENSEN","Medium",1996,3320
"NIWA-AUSSALMONNZ-1975-2006-JENSEN","Medium",1997,2900
"NIWA-AUSSALMONNZ-1975-2006-JENSEN","Medium",1998,2590
"NIWA-AUSSALMONNZ-1975-2006-JENSEN","Medium",1999,3180
"NIWA-AUSSALMONNZ-1975-2006-JENSEN","Medium",2000,2950
"NIWA-AUSSALMONNZ-1975-2006-JENSEN","Medium",2001,3080
"NIWA-AUSSALMONNZ-1975-2006-JENSEN","Medium",2002,2730
"NIWA-AUSSALMONNZ-1975-2006-JENSEN","Medium",2003,2290
"NIWA-AUSSALMONNZ-1975-2006-JENSEN","Medium",2004,2990
"NIWA-AUSSALMONNZ-1975-2006-JENSEN","Medium",2005,2480
"NIWA-AUSSALMONNZ-1975-2006-JENSEN","Medium",2006,2240
"NIWA-OROUGHYNZMEC-1981-2004-JENSEN","Medium",1981,0
"NIWA-OROUGHYNZMEC-1981-2004-JENSEN","Medium",1982,720
"NIWA-OROUGHYNZMEC-1981-2004-JENSEN","Medium",1983,4892
"NIWA-OROUGHYNZMEC-1981-2004-JENSEN","Medium",1984,9654
"NIWA-OROUGHYNZMEC-1981-2004-JENSEN","Medium",1985,11336
"NIWA-OROUGHYNZMEC-1981-2004-JENSEN","Medium",1986,10918
"NIWA-OROUGHYNZMEC-1981-2004-JENSEN","Medium",1987,11481
"NIWA-OROUGHYNZMEC-1981-2004-JENSEN","Medium",1988,12604
"NIWA-OROUGHYNZMEC-1981-2004-JENSEN","Medium",1989,11721
"NIWA-OROUGHYNZMEC-1981-2004-JENSEN","Medium",1990,12620
"NIWA-OROUGHYNZMEC-1981-2004-JENSEN","Medium",1991,11486
"NIWA-OROUGHYNZMEC-1981-2004-JENSEN","Medium",1992,11109
"NIWA-OROUGHYNZMEC-1981-2004-JENSEN","Medium",1993,9924
"NIWA-OROUGHYNZMEC-1981-2004-JENSEN","Medium",1994,7219
"NIWA-OROUGHYNZMEC-1981-2004-JENSEN","Medium",1995,6007
"NIWA-OROUGHYNZMEC-1981-2004-JENSEN","Medium",1996,1985
"NIWA-OROUGHYNZMEC-1981-2004-JENSEN","Medium",1997,2228
"NIWA-OROUGHYNZMEC-1981-2004-JENSEN","Medium",1998,2352
"NIWA-OROUGHYNZMEC-1981-2004-JENSEN","Medium",1999,2387
"NIWA-OROUGHYNZMEC-1981-2004-JENSEN","Medium",2000,2643
"NIWA-OROUGHYNZMEC-1981-2004-JENSEN","Medium",2001,1840
"NIWA-OROUGHYNZMEC-1981-2004-JENSEN","Medium",2002,1555
"NIWA-OROUGHYNZMEC-1981-2004-JENSEN","Medium",2003,930
"NIWA-OROUGHYNZMEC-1981-2004-JENSEN","Medium",2004,930
