"","ASSESSID","X.1","X","LME_NAME","ADMB_BMSY","BRP_BMSY","BRP_SSBMSY","NUM_TOTAL","NUM_SSB","SCIENTIFICNAME","UMSY","FMSY","LME_NUMBER","LME_COUNT","final_analysis","upper_thresh","C_msy","collapse_brp_bmsy","collapse_brp_ssbmsy","collapse_cmsy","collapse_admb","TS_LENGTH","short_ID","BMSY"
"1","ADFG-HERRPWS-1980-2006-COLLIE",1,1,"Gulf of Alaska",141792,NA,NA,27,27,"Clupea pallasii",NA,NA,2,1,1,NA,50.0072313304261,NA,NA,0,1,27,"ADFG1",FALSE
"2","ADFG-HERRSITKA-1978-2007-COLLIE",2,2,"Gulf of Alaska",88967.7,NA,NA,30,30,"Clupea pallasii",NA,NA,2,1,1,NA,64.5863478533506,NA,NA,0,1,30,"ADFG2",FALSE
"3","AFSC-ALPLAICBSAI-1972-2008-MELNYCHUK",3,3,"East Bering Sea",884410,NA,129300,34,34,"Pleuronectes quadrituberculatus",NA,0.62,1,1,1,NA,15.9781196463947,NA,0,0,0,34,"AFSC3",FALSE
"4","AFSC-ARFLOUNDBSAI-1970-2008-STANTON",4,4,"East Bering Sea",850373,NA,292200,33,33,"Reinhardtius stomias",NA,NA,1,1,1,NA,15.9444282709052,NA,0,0,0,33,"AFSC4",FALSE
"5","AFSC-ARFLOUNDGA-1958-2010-STANTON",5,5,"Gulf of Alaska",1692250,NA,428307,47,50,"Reinhardtius stomias",NA,NA,2,1,1,NA,22.8282066196346,NA,0,0,0,50,"AFSC5",FALSE
"6","AFSC-ATKABSAI-1976-2009-STANTON",6,6,"East Bering Sea",312447,NA,85500,33,33,"Pleurogrammus monopterygius",NA,NA,1,1,1,NA,60.7672137819611,NA,0,0,0,33,"AFSC6",FALSE
"7","AFSC-CABEZNCAL-1916-2005-STANTON",7,7,"California Current",966.971,NA,426,90,90,"Scorpaenichthys marmoratus",0.13,NA,3,1,1,NA,0.0970097981820929,NA,0,0,0,90,"AFSC7",FALSE
"8","AFSC-CABEZSCAL-1932-2005-STANTON",8,8,"California Current",217.836,NA,96,74,74,"Scorpaenichthys marmoratus",0.13,NA,3,1,1,NA,0.0294566564216725,NA,0,0,0,74,"AFSC8",FALSE
"9","AFSC-DSOLEGA-1978-2010-STANTON",9,9,"Gulf of Alaska",75052.1,NA,NA,27,24,"Microstomus pacificus",NA,NA,2,1,1,NA,2.19556386296022,NA,NA,0,0,27,"AFSC9",FALSE
"10","AFSC-DUSROCKGA-1973-2008-MELNYCHUK",10,10,"Gulf of Alaska",60993.8,NA,15511,31,31,"Sebastes variabilis",NA,0.107,2,1,1,NA,3.07413076537685,NA,0,0,0,31,"AFSC10",FALSE
"11","AFSC-FLSOLEBSAI-1977-2008-STANTON",11,11,"East Bering Sea",494925,NA,139188,32,32,"Hippoglossoides elassodon",NA,0.279,1,1,1,NA,18.4319729150528,NA,0,0,0,32,"AFSC11",FALSE
"12","AFSC-FLSOLEGA-1978-2010-Stachura",12,12,"Gulf of Alaska",173561,NA,43661,27,27,"Hippoglossoides elassodon",NA,0.481,2,1,1,NA,2.9933273285677,NA,0,0,0,27,"AFSC12",FALSE
"13","AFSC-GHALBSAI-1960-2009-STANTON",13,13,"East Bering Sea",4.11167e+17,NA,38265,50,50,"Reinhardtius hippoglossoides",NA,0.566,1,1,1,1719390,25.1057989584427,NA,0,0,1,50,"AFSC13",FALSE
"14","AFSC-GKINGCRABAIES-1990-2007-JENSEN",14,14,"East Bering Sea",NA,NA,38018,0,18,"Lithodes aequispinus",NA,NA,1,1,1,NA,NA,NA,0,NA,NA,18,NA,NA
"15","AFSC-GKINGCRABAIWS-1989-2007-JENSEN",15,15,"East Bering Sea",NA,NA,42848,0,19,"Lithodes aequispinus",NA,NA,1,1,1,NA,NA,NA,0,NA,NA,19,NA,NA
"16","AFSC-NROCKBSAI-1974-2009-STANTON",16,16,"East Bering Sea",185876,NA,48399,33,33,"Sebastes polyspinis",NA,0.0511,1,1,1,NA,3.43693651277945,NA,0,0,0,33,"AFSC14",FALSE
"17","AFSC-NROCKGA-1959-2008-MELNYCHUK",17,17,"Gulf of Alaska",73445.3,NA,19500,48,48,"Sebastes polyspinis",NA,0.073,2,1,1,NA,3.96550411156218,NA,0,0,0,48,"AFSC15",FALSE
"18","AFSC-NRSOLEEBSAI-1971-2008-STANTON",18,18,"East Bering Sea",957339,NA,173320,34,33,"Lepidopsetta polyxystra",NA,0.183,1,1,1,NA,46.7043516467911,NA,0,0,1,34,"AFSC16",FALSE
"19","AFSC-PCODBSAI-1964-2008-MELNYCHUK",19,19,"East Bering Sea",1315070,NA,373000,32,32,"Gadus macrocephalus",NA,0.34,1,1,1,NA,202.710933442635,NA,0,0,0,32,"AFSC17",FALSE
"20","AFSC-PCODGA-1964-2008-MELNYCHUK",20,20,"Gulf of Alaska",290444,NA,89400,32,32,"Gadus macrocephalus",NA,0.64,2,1,1,NA,59.685075724934,NA,0,0,0,32,"AFSC18",FALSE
"21","AFSC-PERCHEBSAI-1974-2009-STANTON",21,21,"East Bering Sea",240138,NA,107627,33,33,"Sebastes alutus",NA,0.068,1,1,1,NA,13.096736313599,NA,0,0,0,33,"AFSC19",FALSE
"22","AFSC-POPERCHGA-1959-2010-Stachura",22,22,"Gulf of Alaska",1.1544e+18,NA,79664,50,34,"Sebastes alutus",NA,0.142,2,1,1,2369480,NA,NA,0,NA,1,50,"AFSC20",FALSE
"23","AFSC-REXSOLEGA-1979-2008-STANTON",23,23,"Gulf of Alaska",113262,NA,18877,26,26,"Glyptocephalus zachirus",NA,10.23,2,1,1,NA,2.55676322811664,NA,0,0,0,26,"AFSC21",FALSE
"24","AFSC-REYEROCKBSAI-1974-2009-STANTON",24,24,"East Bering Sea",48958.9,NA,5883,33,33,"Sebastes aleutianus",NA,NA,1,1,1,42594,0.639131374990637,NA,0,0,0,33,"AFSC22",FALSE
"25","AFSC-REYEROCKGA-1974-2007-MELNYCHUK",25,25,"Gulf of Alaska",25952.4,NA,8694,31,31,"Sebastes aleutianus",NA,0.047,2,1,1,NA,0.805363518821333,NA,0,0,0,31,"AFSC23",FALSE
"26","AFSC-RKCRABBB-1960-2008-JENSEN",26,26,"East Bering Sea",6.20751e+15,NA,34070,24,24,"Paralithodes camtschaticus",0.33,NA,1,1,1,207801.38,17.0434702706691,NA,0,0,1,24,"AFSC24",FALSE
"27","AFSC-RKCRABNS-1976-2008-JENSEN",27,27,"East Bering Sea",NA,NA,1617.96,0,33,"Paralithodes camtschaticus",NA,NA,1,1,1,NA,NA,NA,0,NA,NA,33,NA,NA
"28","AFSC-SABLEFEBSAIGA-1956-2008-MELNYCHUK",28,28,"East Bering Sea",318547,NA,100730,49,49,"Anoplopoma fimbria",NA,0.101,1,2,1,NA,22.0416420522107,NA,0,0,0,49,"AFSC25",FALSE
"29","AFSC-SNOWCRABBS-1979-2008-JENSEN",29,29,"East Bering Sea",1222480,NA,418030.728,30,30,"Chionoecetes opilio",NA,NA,1,1,1,NA,63.3972186602008,NA,0,0,1,30,"AFSC26",FALSE
"30","AFSC-SRAKEROCKBSAI-1977-2008-STANTON",30,30,"East Bering Sea",1.53098e-07,NA,139188,29,0,"Sebastes borealis",NA,0.0225,1,1,1,NA,0.499508404122497,NA,1,0,0,29,"AFSC27",FALSE
"31","AFSC-WPOLLAI-1976-2008-MELNYCHUK",31,31,"East Bering Sea",3.57638e+16,NA,98987,31,31,"Theragra chalcogramma",NA,0.357,1,1,1,3170200,38.757008946037,NA,0,0,1,31,"AFSC28",FALSE
"32","AFSC-WPOLLEBS-1963-2008-MELNYCHUK",32,32,"East Bering Sea",6223020,NA,1919000,45,45,"Theragra chalcogramma",NA,NA,1,1,1,NA,1347.68634118281,NA,0,0,0,45,"AFSC29",FALSE
"33","AFSC-WPOLLGA-1964-2008-MELNYCHUK",33,33,"Gulf of Alaska",2010230,903000,208000,32,32,"Theragra chalcogramma",0.187,0.286,2,1,1,NA,100.27840727858,0,0,0,0,32,"AFSC30",FALSE
"34","AFSC-YSOLEBSAI-1959-2008-MELNYCHUK",34,34,"East Bering Sea",6435350,NA,329000,45,45,"Limanda aspera",NA,0.13,1,1,1,5669340,125.711094314655,NA,0,0,1,45,"AFSC31",FALSE
"35","AFWG-CAPENOR-1965-2007-MINTO",35,35,"Barents Sea",5200350,NA,NA,35,27,"Mallotus villosus",NA,NA,20,1,1,NA,1136.88162412216,NA,NA,0,1,35,"AFWG32",FALSE
"36","AFWG-CODCOASTNOR-1982-2006-MINTO",36,36,"Norwegian Sea",428945,NA,NA,23,23,"Gadus morhua",NA,NA,21,2,1,NA,47.0882939370449,NA,NA,0,1,23,"AFWG33",FALSE
"37","AFWG-CODNEAR-1943-2006-MINTO",37,37,"Barents Sea",2604060,NA,NA,61,61,"Gadus morhua",NA,NA,20,2,1,NA,729.622290650009,NA,NA,0,0,61,"AFWG34",FALSE
"38","AFWG-GHALNEAR-1959-2007-JENNINGS",38,38,"Barents Sea",492579,NA,NA,43,43,"Reinhardtius hippoglossoides",NA,NA,20,2,1,NA,28.0671109642575,NA,NA,0,1,43,"AFWG35",FALSE
"39","AFWG-GOLDREDNEAR-1986-2006-MINTO",39,39,"Barents Sea",NA,NA,NA,17,17,"Sebastes norvegicus",NA,NA,20,2,1,NA,17.8411648306167,NA,NA,0,NA,17,NA,NA
"40","AFWG-HADNEAR-1947-2006-MINTO",40,40,"Barents Sea",439090,NA,NA,57,57,"Melanogrammus aeglefinus",NA,NA,20,2,1,NA,154.722306993444,NA,NA,0,1,57,"AFWG36",FALSE
"41","AFWG-POLLNEAR-1957-2006-MINTO",41,41,"Barents Sea",772332,NA,NA,47,47,"Pollachius virens",NA,NA,20,2,1,NA,188.339542583109,NA,NA,0,0,47,"AFWG37",FALSE
"42","ASMFC-ATLCROAKMATLC-1973-2002-STANTON",42,42,"Northeast U.S. Continental Shelf",NA,NA,56467,0,30,"Micropogonias undulatus",NA,0.407,7,1,1,NA,14.4090679381342,NA,0,0,NA,30,NA,NA
"43","ASMFC-LOBSTERGB-1981-2007-STANTON",43,43,"Northeast U.S. Continental Shelf",NA,NA,NA,0,26,"Homarus americanus",NA,NA,7,1,1,NA,1.83687531412142,NA,NA,0,NA,26,NA,NA
"44","ASMFC-LOBSTERGOM-1981-2007-STANTON",44,44,"Northeast U.S. Continental Shelf",NA,NA,NA,0,26,"Homarus americanus",NA,NA,7,1,1,NA,31.4252113723352,NA,NA,0,NA,26,NA,NA
"45","ASMFC-LOBSTERSNE-1981-2007-STANTON",45,45,"Northeast U.S. Continental Shelf",NA,NA,NA,0,26,"Homarus americanus",NA,NA,7,1,1,NA,5.31318609451905,NA,NA,0,NA,26,NA,NA
"46","ASMFC-PANDALGOM-1960-2009-IDOINE",46,46,"Northeast U.S. Continental Shelf",17796.4,NA,NA,25,0,"Pandalus borealis",NA,0.77,7,1,1,NA,4.22884950012771,NA,NA,0,0,25,"ASMFC38",FALSE
"47","CCAMLR-ATOOTHFISHRS-1995-2007-JENSEN",47,47,"Subantarctic High Seas",NA,18802.1604,NA,13,13,"Dissostichus mawsoni",NA,0.136,-96,1,1,NA,2.15793460218278,0,NA,0,NA,13,NA,NA
"48","CCSBT-SC-SBT-1931-2009-Parma",48,48,"Indian High Seas",589220,NA,277047.0811,79,79,"Thunnus maccoyii",NA,NA,-97,3,1,NA,35.1574487284651,NA,0,0,1,79,"CCSBT39",FALSE
"49","CSIRO-BIGHTREDSE-1958-2007-FULTON",49,49,"Southwest Australian Shelf",389763,NA,16240.128,50,50,"Centroberyx gerrardi",NA,NA,43,1,1,140719.8,0.668902878429822,NA,0,0,0,50,"CSIRO40",FALSE
"50","CSIRO-BTSHRIMPNAUST-1970-2006-FULTON",50,50,"North Australian Shelf",NA,NA,NA,0,37,"Penaeus esculentus",NA,NA,39,1,1,NA,1.4650899967929,NA,NA,0,NA,37,NA,NA
"51","CSIRO-DEEPFLATHEADSE-1978-2007-FULTON",51,51,"Southwest Australian Shelf",7626.82,NA,3286.512,30,30,"Platycephalus conatus",NA,NA,43,1,1,NA,1.10443427789007,NA,0,0,0,30,"CSIRO41",FALSE
"52","CSIRO-GEMFISHSE-1966-2007-FULTON",52,52,"Southeast Australian Shelf",376410,NA,5458.32,42,42,"Rexea solandri",NA,NA,42,1,1,77330.8,2.69503601671457,NA,0,0,1,42,"CSIRO42",FALSE
"53","CSIRO-GTPRAWNNAUST-1970-2006-FULTON",53,53,"North Australian Shelf",NA,NA,NA,0,37,"Penaeus esculentus",NA,NA,39,1,1,NA,1.57360972996707,NA,NA,0,NA,37,NA,NA
"54","CSIRO-MORWONGSE-1913-2007-FULTON",54,54,"Southeast Australian Shelf",26588.8,NA,11482.608,95,95,"Nemadactylus macropterus",NA,NA,42,1,1,NA,1.4848583747778,NA,0,0,1,95,"CSIRO43",FALSE
"55","CSIRO-NZLINGESE-1968-2007-FULTON",55,55,"Southeast Australian Shelf",7133.25,NA,3324.48,40,40,"Genypterus blacodes",NA,NA,42,1,1,NA,0.904069914592278,NA,0,0,0,40,"CSIRO44",FALSE
"56","CSIRO-NZLINGWSE-1968-2007-FULTON",56,56,"Southwest Australian Shelf",1.49791e+15,NA,3377.5632,40,40,"Genypterus blacodes",NA,NA,43,1,1,34713,0.681987389032484,NA,0,0,0,40,"CSIRO45",FALSE
"57","CSIRO-OROUGHYCASCADE-1987-2006-FULTON",57,57,"Southeast Australian Shelf",42132.8,NA,NA,20,20,"Hoplostethus atlanticus",NA,NA,42,1,1,NA,1.01641513392452,NA,NA,0,0,20,"CSIRO46",FALSE
"58","CSIRO-OROUGHYSE-1978-2007-FULTON",58,58,"Southeast Australian Shelf",85184.3,NA,8149.26,30,30,"Hoplostethus atlanticus",NA,NA,42,1,1,NA,7.53692646436172,NA,0,0,0,30,"CSIRO47",FALSE
"59","CSIRO-PTOOTHFISHMI-1975-2010-FAY",59,59,"Subantarctic High Seas",4199.27,NA,869.707,36,36,"Dissostichus eleginoides",NA,0.0580997,-96,1,1,NA,0.166535545191551,NA,0,0,0,36,"CSIRO48",FALSE
"60","CSIRO-SILVERFISHSE-1978-2006-FULTON",60,60,"Southeast Australian Shelf",12232,NA,9927.456,29,29,"Seriolella punctata",NA,NA,42,1,1,NA,3.02810050326911,NA,0,0,0,29,"CSIRO49",FALSE
"61","CSIRO-SWHITSE-1945-2007-FULTON",61,61,"Southeast Australian Shelf",7078.35,NA,3734.3088,63,63,"Sillago flindersi",NA,NA,42,1,1,NA,1.65146837473977,NA,0,0,0,63,"CSIRO50",FALSE
"62","CSIRO-TIGERFLATSE-1913-2006-FULTON",62,62,"Southeast Australian Shelf",24226.6,NA,5472.868,94,94,"Neoplatycephalus richardsoni",NA,NA,42,1,1,NA,3.41522749881158,NA,0,0,0,94,"CSIRO51",FALSE
"63","CSIRO-WAREHOUESE-1984-2006-FULTON",63,63,"Southeast Australian Shelf",9010.24,NA,1568.16,23,23,"Seriolella brama",NA,NA,42,1,1,NA,1.00568589642845,NA,0,0,1,23,"CSIRO52",FALSE
"64","CSIRO-WAREHOUWSE-1984-2006-FULTON",64,64,"Southwest Australian Shelf",2103.89,NA,1568.16,23,23,"Seriolella brama",NA,NA,43,1,1,NA,0.445432057609892,NA,0,0,0,23,"CSIRO53",FALSE
"65","DFO-COD5Zjm-1978-2003-PREFONTAINE",65,65,"Northeast U.S. Continental Shelf",3.19294e+15,NA,NA,26,26,"Gadus morhua",NA,NA,7,1,1,98204,7.88355080489858,NA,NA,0,1,26,"DFO54",FALSE
"66","DFO-HAD5Zejm-1968-2003-PREFONTAINE",66,66,"Northeast U.S. Continental Shelf",403759,NA,NA,35,35,"Melanogrammus aeglefinus",NA,NA,7,1,1,157526,6.97573762037236,NA,NA,0,1,35,"DFO55",FALSE
"67","DFO-HERR4VWX-1964-2006-PREFONTAINE",67,67,"Scotian Shelf",NA,NA,NA,42,42,"Clupea harengus",NA,NA,8,1,1,NA,NA,NA,NA,NA,NA,42,NA,NA
"68","DFO-MAR-COD4VsW-1958-2002-PREFONTAINE",68,68,"Scotian Shelf",NA,NA,NA,0,33,"Gadus morhua",NA,NA,8,1,1,NA,44.1331126606663,NA,NA,0,NA,33,NA,NA
"69","DFO-MAR-CUSK4X-1970-2007-RICARD",69,69,"Northeast U.S. Continental Shelf",NA,25790,NA,38,0,"Brosme brosme",0.0575,NA,7,1,1,NA,NA,0,NA,NA,NA,38,NA,NA
"70","DFO-MAR-HAD4X5Y-1960-2003-PREFONTAINE",70,70,"Northeast U.S. Continental Shelf",277564,NA,NA,34,34,"Melanogrammus aeglefinus",NA,NA,7,2,1,180816,19.4698378511459,NA,NA,0,1,34,"DFO56",FALSE
"71","DFO-NFLD-COD2J3KL-1850-2005-RICARD",71,71,"Newfoundland-Labrador Shelf",NA,NA,NA,0,44,"Gadus morhua",NA,NA,9,1,1,NA,NA,NA,NA,NA,NA,44,NA,NA
"72","DFO-NFLD-COD2J3KLIS-1959-2006-PREFONTAINE",72,72,"Newfoundland-Labrador Shelf",NA,NA,NA,12,12,"Gadus morhua",NA,NA,9,1,1,NA,405.394182362799,NA,NA,0,NA,12,NA,NA
"73","DFO-NFLD-COD3Ps-1959-2004-PREFONTAINE",73,73,"Newfoundland-Labrador Shelf",230674,NA,NA,28,28,"Gadus morhua",NA,NA,9,1,1,NA,50.3287138968207,NA,NA,0,1,28,"DFO57",FALSE
"74","DFO-PAC-ESOLEHS-1944-2001-COLLIE",74,74,"Gulf of Alaska",2757.69,NA,NA,58,0,"Parophrys vetulus",NA,NA,2,1,1,NA,0.73565042959058,NA,NA,0,0,58,"DFO58",FALSE
"75","DFO-PAC-HERRCC-1951-2007-COLLIE",75,75,"Gulf of Alaska",37276,NA,NA,57,57,"Clupea pallasii",NA,NA,2,1,1,NA,17.7169387793911,NA,NA,0,1,57,"DFO59",FALSE
"76","DFO-PAC-HERRPRD-1951-2007-COLLIE",76,76,"Gulf of Alaska",5.89247e+15,NA,NA,57,57,"Clupea pallasii",NA,NA,2,1,1,217526.06,NA,NA,NA,NA,1,57,"DFO60",FALSE
"77","DFO-PAC-HERRQCI-1951-2007-COLLIE",77,77,"Gulf of Alaska",44812.6,NA,NA,57,57,"Clupea pallasii",NA,NA,2,1,1,NA,NA,NA,NA,NA,1,57,"DFO61",FALSE
"78","DFO-PAC-HERRSOG-1951-2007-COLLIE",78,78,"Gulf of Alaska",82875.5,NA,NA,57,57,"Clupea pallasii",NA,NA,2,1,1,NA,NA,NA,NA,NA,1,57,"DFO62",FALSE
"79","DFO-PAC-HERRWCVANI-1951-2007-COLLIE",79,79,"Gulf of Alaska",63187.1,NA,NA,57,57,"Clupea pallasii",NA,NA,2,1,1,NA,15.6383738538319,NA,NA,0,1,57,"DFO63",FALSE
"80","DFO-PAC-PCODHS-1956-2005-COLLIE",80,80,"Gulf of Alaska",26222.6,8861,NA,50,0,"Gadus macrocephalus",NA,0.354,2,1,1,NA,3.6110024644098,0,NA,0,1,50,"DFO64",FALSE
"81","DFO-PAC-PCODWCVANI-1956-2002-COLLIE",81,81,"Gulf of Alaska",15979.4,6731,NA,47,0,"Gadus macrocephalus",NA,0.226,2,1,1,NA,1.9418021530906,0,NA,0,1,47,"DFO65",FALSE
"82","DFO-PAC-RSOLEHSTR-1945-2001-COLLIE",82,82,"Gulf of Alaska",4726.97,NA,NA,57,57,"Lepidopsetta bilineata",NA,NA,2,1,1,NA,1.07782026459608,NA,NA,0,0,57,"DFO66",FALSE
"83","DFO-PAC-SABLEFPCAN-1913-2004-STANTON",83,83,"Gulf of Alaska",NA,NA,56381,0,25,"Anoplopoma fimbria",NA,0.047,2,1,1,NA,4.0017836362932,NA,0,0,NA,25,NA,NA
"84","DFO-POLL4X5YZ-1980-2006-PREFONTAINE",84,84,"Northeast U.S. Continental Shelf",61342.3,NA,NA,25,25,"Pollachius virens",NA,NA,7,2,1,NA,12.9374851585491,NA,NA,0,1,25,"DFO67",FALSE
"85","DFO-QUE-COD3Pn4RS-1964-2007-PREFONTAINE",85,85,"Newfoundland-Labrador Shelf",1572080,NA,NA,34,34,"Gadus morhua",NA,NA,9,1,1,1205356,69.186865745375,NA,NA,0,1,34,"DFO68",FALSE
"86","DFO-QUE-HERR4RFA-1971-2003-PREFONTAINE",86,86,"Newfoundland-Labrador Shelf",NA,NA,NA,0,31,"Clupea harengus",NA,NA,9,1,1,NA,19.4044168401279,NA,NA,0,NA,31,NA,NA
"87","DFO-QUE-HERR4RSP-1963-2004-PREFONTAINE",87,87,"Newfoundland-Labrador Shelf",122669,NA,NA,40,40,"Clupea harengus",NA,NA,9,1,1,NA,27.7713641658238,NA,NA,0,0,40,"DFO69",FALSE
"88","DFO-SG-COD4TVn-1965-2009-RICARD",88,88,"Scotian Shelf",531036,NA,NA,39,39,"Gadus morhua",NA,NA,8,1,1,NA,47.3762057424403,NA,NA,0,1,39,"DFO70",FALSE
"89","DFO-SG-HERR4TFA-1974-2007-PREFONTAINE",89,89,"Scotian Shelf",306273,NA,NA,30,30,"Clupea harengus",NA,NA,8,1,1,NA,219.59807109131,NA,NA,0,1,30,"DFO71",FALSE
"90","DFO-SG-HERR4TSP-1974-2007-PREFONTAINE",90,90,"Scotian Shelf",155000,NA,NA,30,30,"Clupea harengus",NA,NA,8,1,1,NA,71.6766470548249,NA,NA,0,1,30,"DFO72",FALSE
"91","HAWG-HERR2224IIIa-1991-2006-MINTO",91,91,"North Sea",NA,NA,NA,16,16,"Clupea harengus",NA,NA,22,2,1,NA,125.78454445784,NA,NA,0,NA,16,NA,NA
"92","HAWG-HERRNIRS-1960-2006-JENNINGS",92,92,"Celtic-Biscay Shelf",96896.8,NA,NA,46,46,"Clupea harengus",NA,NA,24,1,1,NA,12.452558429759,NA,NA,0,1,46,"HAWG73",FALSE
"93","HAWG-HERRNS-1960-2007-MINTO",93,93,"North Sea",3514600,NA,NA,47,47,"Clupea harengus",NA,NA,22,1,1,NA,537.937116522933,NA,NA,0,1,47,"HAWG74",FALSE
"94","HAWG-HERRVIa-1957-2006-MINTO",94,94,"Celtic-Biscay Shelf",618720,NA,NA,49,49,"Clupea harengus",NA,NA,24,1,1,NA,80.9747443813123,NA,NA,0,1,49,"HAWG75",FALSE
"95","HAWG-HERRVIaVIIbc-1969-2000-MINTO",95,95,"Celtic-Biscay Shelf",212720,NA,NA,31,31,"Clupea harengus",NA,NA,24,1,1,NA,27.8769388797724,NA,NA,0,0,31,"HAWG76",FALSE
"96","HAWG-SPRATNS-1995-2007-MINTO",96,96,"North Sea",NA,NA,NA,12,0,"Sprattus sprattus",NA,NA,22,1,0,NA,NA,NA,NA,NA,NA,12,NA,NA
"97","IATTC-BIGEYEEPAC-1975-2007-JENSEN",97,97,"Pacific High Seas",NA,313767,NA,33,33,"Thunnus obesus",NA,NA,-99,1,1,NA,NA,0,NA,NA,NA,33,NA,NA
"98","IATTC-YFINEPAC-1975-2007-JENSEN",98,98,"Pacific High Seas",NA,417813,NA,33,33,"Thunnus albacares",NA,NA,-99,1,1,NA,NA,0,NA,NA,NA,33,NA,NA
"99","ICCAT-ALBANATL-1929-2005-WORM",99,99,"Atlantic High Seas",156416,167000,NA,76,76,"Thunnus alalunga",NA,0.181,-98,1,1,NA,43.1624434115977,0,NA,0,0,76,"ICCAT77",FALSE
"100","ICCAT-ATBTUNAEATL-1969-2007-WORM",100,100,"Atlantic High Seas",217916,495914.5,NA,38,38,"Thunnus thynnus",NA,0.1141685,-98,2,1,NA,52.8660897025327,0,NA,0,0,38,"ICCAT78",FALSE
"101","ICCAT-ATBTUNAWATL-1969-2007-WORM",101,101,"Atlantic High Seas",NA,15148,15148,0,38,"Thunnus thynnus",NA,0.15,-98,1,1,NA,3.97696617758642,0,0,0,NA,38,NA,NA
"102","ICCAT-BIGEYEATL-1950-2005-JENSEN",102,102,"Atlantic High Seas",450663,451800,NA,56,31,"Thunnus obesus",NA,0.201,-98,1,1,NA,99.153986570929,0,NA,0,0,56,"ICCAT79",FALSE
"103","ICCAT-SKJEATL-1950-2006-JENSEN",103,103,"Atlantic High Seas",383658,384159,NA,57,0,"Katsuwonus pelamis",NA,0.636753572,-98,1,1,NA,131.295445828825,0,NA,0,0,57,"ICCAT80",FALSE
"104","ICCAT-SKJWATL-1952-2006-JENSEN",104,104,"Atlantic High Seas",97261.2,100052,NA,55,0,"Katsuwonus pelamis",NA,0.489367075,-98,1,1,NA,28.9931885628254,0,NA,0,0,55,"ICCAT81",FALSE
"105","ICCAT-SWORDMED-1968-2006-JENSEN",105,105,"Mediterranean Sea",117281,117300,NA,39,0,"Xiphias gladius",0.1035,NA,26,1,1,NA,15.236738177261,0,NA,0,0,39,"ICCAT82",FALSE
"106","ICCAT-SWORDNATL-1978-2007-JENSEN",106,106,"Atlantic High Seas",45692.1,47399,NA,28,28,"Xiphias gladius",NA,0.3895,-98,1,1,NA,15.6664914522233,0,NA,0,0,28,"ICCAT83",FALSE
"107","ICCAT-SWORDSATL-1970-2005-JENSEN",107,107,"Atlantic High Seas",61520.2,46690,NA,36,0,"Xiphias gladius",NA,0.356,-98,1,1,NA,15.1116425326497,0,NA,0,0,36,"ICCAT84",FALSE
"108","ICCAT-YFINATL-1970-2006-JENSEN",108,108,"Atlantic High Seas",448174,NA,173191.0079,37,37,"Thunnus albacares",NA,0.73235,-98,1,1,NA,147.327318069139,NA,0,0,0,37,"ICCAT85",FALSE
"109","IMARM-SFMAKONWPAC-1990-2003-FAUCONNET",109,109,"Pacific High Seas",NA,NA,NA,0,0,"Isurus oxyrinchus",NA,NA,-99,3,1,NA,0.560185856730305,NA,NA,0,NA,0,NA,NA
"110","IMARPE-PANCHPERUNC-1963-2004-RICARD",110,110,"Humboldt Current",NA,NA,NA,0,42,"Engraulis ringens",NA,NA,13,1,1,NA,NA,NA,NA,NA,NA,42,NA,NA
"111","INIDEP-ARGANCHONARG-1989-2007-Parma",111,111,"Patagonian Shelf",NA,1047948.41,748152,18,18,"Engraulis anchoita",NA,0.1898,14,1,1,NA,29.1870914275616,0,0,0,NA,18,NA,NA
"112","INIDEP-ARGANCHOSARG-1992-2007-Parma",112,112,"Patagonian Shelf",NA,733418.85,298839,15,15,"Engraulis anchoita",NA,0.17,14,1,1,NA,3.56801651961006,0,0,0,NA,15,NA,NA
"113","INIDEP-ARGHAKENARG-1985-2007-Parma",113,113,"Patagonian Shelf",332235,602198,429200,22,22,"Merluccius hubbsi",0.28133,0.4322,14,1,1,NA,136.363454692487,1,0,0,0,22,"INIDEP86",FALSE
"114","INIDEP-ARGHAKESARG-1985-2008-Parma",114,114,"Patagonian Shelf",724287,1001788.06,701328.02,23,23,"Merluccius hubbsi",0.27718,0.4285,14,1,1,NA,305.902088639911,0,0,0,0,23,"INIDEP87",FALSE
"115","INIDEP-PATGRENADIERSARG-1983-2006-Parma",115,115,"Patagonian Shelf",2201140,642031,372542,22,22,"Macruronus magellanicus",0.2058,0.3294,14,1,1,NA,133.733023117895,0,0,0,0,22,"INIDEP88",FALSE
"116","INIDEP-SBWHITARGS-1985-2007-Parma",116,116,"Patagonian Shelf",7.92964e+17,NA,NA,21,21,"Micromesistius australis",NA,NA,14,1,1,2956480,104.586436620243,NA,NA,0,1,21,"INIDEP89",FALSE
"117","IOTC-BIGEYEIO-1957-2006-JENSEN",117,117,"Indian High Seas",NA,NA,350000,0,45,"Thunnus obesus",NA,0.3,-97,1,1,NA,122.182133621562,NA,0,0,NA,45,NA,NA
"118","IPHC-PHALNPAC-1988-2009-Parma",118,118,"Gulf of Alaska",NA,NA,NA,14,14,"Hippoglossus stenolepis",NA,NA,2,2,1,NA,53.5157261571771,NA,NA,0,NA,14,NA,NA
"119","MARAM-ANCHOSA-1984-2006-deMoor",119,119,"Benguela Current",1831850,NA,NA,23,23,"Engraulis encrasicolus",NA,NA,29,2,1,NA,224.028223378833,NA,NA,0,0,23,"MARAM90",FALSE
"120","MARAM-CHAKESA-1917-2008-DEDECKER",120,120,"Benguela Current",432732,NA,218000,92,92,"Merluccius capensis",NA,NA,29,2,1,NA,47.1535143918749,NA,0,0,0,92,"MARAM91",FALSE
"121","MARAM-CRLOBSTERSA12-1910-2008-Johnston",121,121,"Benguela Current",77275.2,NA,NA,99,99,"Jasus lalandii",NA,NA,29,1,1,NA,NA,NA,NA,NA,1,99,"MARAM92",FALSE
"122","MARAM-CRLOBSTERSA34-1910-2008-Johnston",122,122,"Benguela Current",12271000,NA,NA,99,99,"Jasus lalandii",NA,NA,29,1,1,303994.82,NA,NA,NA,NA,1,99,"MARAM93",FALSE
"123","MARAM-CRLOBSTERSA56-1910-2008-Johnston",123,123,"Benguela Current",3.53971e+16,NA,NA,99,99,"Jasus lalandii",NA,NA,29,1,1,298839.88,NA,NA,NA,NA,1,99,"MARAM94",FALSE
"124","MARAM-CRLOBSTERSA7-1910-2008-Johnston",124,124,"Benguela Current",1.31723e-07,NA,NA,99,99,"Jasus lalandii",NA,NA,29,1,1,NA,1.82270285772122,NA,NA,0,0,99,"MARAM95",FALSE
"125","MARAM-CRLOBSTERSA8-1910-2008-Johnston",125,125,"Benguela Current",1.43432e-07,NA,NA,99,99,"Jasus lalandii",NA,NA,29,1,1,NA,2.07810823718389,NA,NA,0,0,99,"MARAM96",FALSE
"126","MARAM-CTRACSA-1950-2007-Johnston",126,126,"Agulhas Current",472492,NA,NA,58,58,"Trachurus capensis",NA,NA,30,1,1,NA,45.7202935555983,NA,NA,0,0,58,"MARAM97",FALSE
"127","MARAM-DEEPCHAKESA-1917-2008-DEDECKER",127,127,"Benguela Current",890680,NA,321000,92,92,"Merluccius paradoxus",NA,NA,29,2,1,NA,123.654393158217,NA,0,0,1,92,"MARAM98",FALSE
"128","MARAM-KINGKLIPSA-1932-2008-DEDECKER",128,128,"Benguela Current",79489.4,NA,66828,77,77,"Genypterus capensis",NA,NA,29,2,1,NA,4.34941610027371,NA,0,0,0,77,"MARAM99",FALSE
"129","MARAM-PTOOTHFISHPEI-1960-2008-DEDECKER",129,129,"Subantarctic High Seas",6.08098e+15,NA,5678,49,49,"Dissostichus eleginoides",NA,NA,-96,1,1,92675.4,2.85452839389941,NA,0,0,1,49,"MARAM100",FALSE
"130","MARAM-SAABALONESA-1951-2008-PLAGANYI",130,130,"Benguela Current",25133.4,NA,NA,58,58,"Haliotis midae",NA,NA,29,1,1,NA,1.07485697723186,NA,NA,0,0,58,"MARAM101",FALSE
"131","MARAM-SARDSA-1984-2006-deMoor",131,131,"Benguela Current",1860220,NA,NA,23,23,"Sardinops sagax",NA,NA,29,2,1,NA,227.430471706407,NA,NA,0,1,23,"MARAM102",FALSE
"132","MARAM-SSLOBSTERSASC-1973-2008-Johnston",132,132,"Agulhas Current",904.625,NA,NA,36,36,"Palinurus gilchristi",NA,NA,30,1,1,NA,0.424936017186822,NA,NA,0,0,36,"MARAM103",FALSE
"133","NAFO-SC-AMPL3LNO-1955-2007-BAUM",133,133,"Newfoundland-Labrador Shelf",1807630,NA,NA,48,48,"Hippoglossoides platessoides",NA,NA,9,1,1,1125123.84,42.9549348944185,NA,NA,0,1,48,"NAFO104",FALSE
"134","NAFO-SC-AMPL3M-1960-2007-BAUM",134,134,"Newfoundland-Labrador Shelf",1.02825e+15,NA,NA,20,20,"Hippoglossoides platessoides",NA,NA,9,1,1,28732,1.47414627712878,NA,NA,0,1,20,"NAFO105",FALSE
"135","NAFO-SC-COD3M-1959-2008-BAUM",135,135,"Newfoundland-Labrador Shelf",31909.7,NA,NA,21,21,"Gadus morhua",NA,NA,9,1,1,NA,21.6942093728189,NA,NA,0,1,21,"NAFO106",FALSE
"136","NAFO-SC-COD3NO-1953-2007-BAUM",136,136,"Newfoundland-Labrador Shelf",2.04672e+17,NA,NA,49,49,"Gadus morhua",NA,NA,9,1,1,790874,72.1599574501909,NA,NA,0,1,49,"NAFO107",FALSE
"137","NAFO-SC-GHAL23KLMNO-1960-2006-PREFONTAINE",137,137,"Newfoundland-Labrador Shelf",194547,NA,NA,32,32,"Reinhardtius hippoglossoides",NA,NA,9,1,1,NA,29.5593849300423,NA,NA,0,0,32,"NAFO108",FALSE
"138","NAFO-SC-REDFISHSPP3LN-1959-2008-BAUM",138,138,"Newfoundland-Labrador Shelf",140267,141900,NA,50,0,"Sebastes spp",NA,0.172,9,1,1,NA,23.2040148900273,0,NA,0,0,50,"NAFO109",FALSE
"139","NAFO-SC-REDFISHSPP3M-1985-2006-PREFONTAINE",139,139,"Newfoundland-Labrador Shelf",NA,NA,NA,18,18,"Sebastes spp",NA,NA,9,1,1,NA,27.0086755399743,NA,NA,0,NA,18,NA,NA
"140","NAFO-SC-YELL3LNO-1960-2009-BAUM",140,140,"Northeast U.S. Continental Shelf",74120.8,73580,NA,45,0,"Limanda ferruginea",NA,0.26,7,2,1,NA,14.9793937546254,1,NA,0,1,45,"NAFO110",FALSE
"141","NEFSC-ACADREDGOMGB-1913-2007-MILLER",141,141,"Northeast U.S. Continental Shelf",NA,NA,271000,0,95,"Sebastes fasciatus",NA,NA,7,1,1,NA,NA,NA,0,NA,NA,95,NA,NA
"142","NEFSC-AMPL5YZ-1960-2008-OBRIEN",142,142,"Northeast U.S. Continental Shelf",38834.6,NA,22243,29,28,"Hippoglossoides platessoides",NA,NA,7,1,1,NA,7.17864972019462,NA,0,0,0,29,"NEFSC111",FALSE
"143","NEFSC-ATHAL5YZ-1800-2007-COL",143,143,"Northeast U.S. Continental Shelf",48737.2,49000,49000,208,0,"Hippoglossus hippoglossus",NA,0.073,7,1,1,NA,NA,1,1,NA,1,208,"NEFSC112",FALSE
"144","NEFSC-BLUEFISHATLC-1981-2007-SHEPHERD",144,144,"Northeast U.S. Continental Shelf",189909,147052,NA,26,26,"Pomatomus saltatrix",NA,0.19,7,1,1,NA,27.4928656510427,0,NA,0,0,26,"NEFSC113",FALSE
"145","NEFSC-BSBASSMATLC-1968-2007-SHEPHERD",145,145,"Northeast U.S. Continental Shelf",10649.2,12892.3,12537,40,40,"Centropristis striata",NA,NA,7,1,1,NA,3.07509851297229,0,0,0,0,40,"NEFSC114",FALSE
"146","NEFSC-BUTTERGOMCHATT-1965-2005-OVERHOLTZ",146,146,"Northeast U.S. Continental Shelf",NA,22798,NA,0,35,"Peprilus triacanthus",NA,0.38,7,1,1,NA,9.31027319780064,0,NA,0,NA,35,NA,NA
"147","NEFSC-CODGB-1960-2008-BAUM",147,147,"Northeast U.S. Continental Shelf",5301680,NA,148084,31,30,"Gadus morhua",NA,NA,7,1,1,261526.38,29.3351345727829,NA,1,0,1,31,"NEFSC115",FALSE
"148","NEFSC-CODGOM-1893-2008-BAUM",148,148,"Northeast U.S. Continental Shelf",35817.9,82830,NA,26,26,"Gadus morhua",NA,0.237,7,1,1,NA,NA,1,NA,NA,0,26,"NEFSC116",FALSE
"149","NEFSC-HAD5Y-1956-2008-BAUM",149,149,"Northeast U.S. Continental Shelf",7.27287e+15,NA,5900,32,31,"Melanogrammus aeglefinus",NA,NA,7,1,1,40204,3.97199318547318,NA,1,0,1,32,"NEFSC117",FALSE
"150","NEFSC-HADGB-1930-2008-BAUM",150,150,"Northeast U.S. Continental Shelf",394217,NA,158873,78,77,"Melanogrammus aeglefinus",NA,NA,7,1,1,NA,NA,NA,1,NA,1,78,"NEFSC118",FALSE
"151","NEFSC-HERRNWATLC-1960-2005-OVERHOLTZ",151,151,"Northeast U.S. Continental Shelf",NA,NA,629000,0,39,"Clupea harengus",NA,0.31,7,1,1,NA,170.986091289928,NA,0,0,NA,39,NA,NA
"152","NEFSC-ILLEXNWATLC-1967-2005-HENDRICKSON",152,152,"Northeast U.S. Continental Shelf",5.27363,NA,NA,39,0,"Illex illecebrosus",NA,NA,7,3,1,NA,12.758598010836,NA,NA,1,1,39,"NEFSC119",FALSE
"153","NEFSC-MACKGOMCHATT-1960-2005-OVERHOLTZ",153,153,"Northeast U.S. Continental Shelf",NA,NA,644000,0,43,"Scomber scombrus",NA,0.16,7,1,1,NA,138.610163978584,NA,0,0,NA,43,NA,NA
"154","NEFSC-MONKGOMNGB-1964-2006-RICHARDS",154,154,"Northeast U.S. Continental Shelf",68431.7,49000,49000,27,0,"Lophius americanus",NA,0.073,7,1,1,NA,9.80399880805723,0,0,0,0,27,"NEFSC120",FALSE
"155","NEFSC-MONKSGBMATL-1964-2006-RICHARDS",155,155,"Northeast U.S. Continental Shelf",78932,NA,NA,27,0,"Lophius americanus",NA,NA,7,1,1,NA,11.6699953960442,NA,NA,0,0,27,"NEFSC121",FALSE
"156","NEFSC-POLL5YZ-1963-2007-MAYO",156,156,"Northeast U.S. Continental Shelf",3.72438,NA,NA,44,0,"Pollachius virens",5.65,NA,7,1,1,NA,13.9764842471512,NA,NA,1,1,44,"NEFSC122",FALSE
"157","NEFSC-QUAHATLC-1978-2008-CHUTE",157,157,"Northeast U.S. Continental Shelf",2.46409e-06,NA,NA,31,0,"Arctica islandica",NA,NA,7,1,1,NA,18.6178914804655,NA,NA,0,0,31,"NEFSC123",FALSE
"158","NEFSC-SCALLGB-1964-2006-HART",158,158,"Northeast U.S. Continental Shelf",51023.4,NA,NA,25,0,"Placopecten magellanicus",NA,NA,7,1,1,NA,8.34813551406856,NA,NA,0,1,25,"NEFSC124",FALSE
"159","NEFSC-SCALLMATLC-1964-2006-HART",159,159,"Northeast U.S. Continental Shelf",93935.1,NA,NA,32,0,"Placopecten magellanicus",NA,NA,7,1,1,NA,10.5047492033729,NA,NA,0,1,32,"NEFSC125",FALSE
"160","NEFSC-SCUPNWATLC-1960-2007-TERCEIRO",160,160,"Northeast U.S. Continental Shelf",NA,92044,NA,0,24,"Stenotomus chrysops",NA,NA,7,1,1,NA,17.9698557507211,0,NA,0,NA,24,NA,NA
"161","NEFSC-SDOGATLC-1962-2006-SOSEBEE",161,161,"Northeast U.S. Continental Shelf",NA,NA,NA,16,16,"Squalus acanthias",NA,NA,7,2,1,NA,24.0858133848198,NA,NA,0,NA,16,NA,NA
"162","NEFSC-SFLOUNMATLC-1940-2007-BAUM",162,162,"Northeast U.S. Continental Shelf",90994.1,NA,60074,26,26,"Paralichthys dentatus",NA,NA,7,2,1,NA,14.6515792794435,NA,0,0,0,26,"NEFSC126",FALSE
"163","NEFSC-SHAKEGOMNGB-1955-2005-COL",163,163,"Northeast U.S. Continental Shelf",35.5039,NA,NA,43,0,"Merluccius bilinearis",2.57,NA,7,1,1,NA,NA,NA,NA,NA,1,43,"NEFSC127",FALSE
"164","NEFSC-SHAKESGBMATL-1955-2005-COL",164,164,"Northeast U.S. Continental Shelf",125.067,NA,NA,43,0,"Merluccius bilinearis",34.39,NA,7,1,1,11.044,66.5707165224292,NA,NA,1,1,43,"NEFSC128",FALSE
"165","NEFSC-STRIPEDBASSGOMCHATT-1982-2006-SHEPHERD",165,165,"Northeast U.S. Continental Shelf",NA,NA,NA,0,25,"Morone saxatilis",NA,0.33,7,1,1,NA,12.8343093939703,NA,NA,0,NA,25,NA,NA
"166","NEFSC-SURFMATLC-1965-2008-JACOBSON",166,166,"Northeast U.S. Continental Shelf",NA,9e+05,NA,28,0,"Spisula solidissima",NA,0.15,7,1,1,NA,25.4509578432667,0,NA,0,NA,28,NA,NA
"167","NEFSC-TILEMATLC-1973-2008-NITSCHKE",167,167,"Northeast U.S. Continental Shelf",9364.41,NA,NA,33,0,"Lopholatilus chamaeleonticeps",NA,NA,7,2,1,NA,1.64073782031262,NA,NA,0,0,33,"NEFSC129",FALSE
"168","NEFSC-WEAKFISHATLC-1981-2008-STANTON",168,168,"Northeast U.S. Continental Shelf",NA,NA,10179,0,28,"Cynoscion regalis",NA,NA,7,1,1,NA,8.84044000778245,NA,0,0,NA,28,NA,NA
"169","NEFSC-WHAKEGBGOM-1963-2007-SOSEBEE",169,169,"Northeast U.S. Continental Shelf",50198.5,NA,56300,45,45,"Urophycis tenuis",NA,0.19,7,1,1,NA,6.33885919716739,NA,0,0,0,45,"NEFSC130",FALSE
"170","NEFSC-WINDOWGOMGB-1975-2007-HENDRICKSON",170,170,"Northeast U.S. Continental Shelf",1.98746,NA,NA,33,0,"Scophthalmus aquosus",0.5,NA,7,1,1,NA,1.45197113298028,NA,NA,1,1,33,"NEFSC131",FALSE
"171","NEFSC-WINDOWSNEMATL-1975-2007-HENDRICKSON",171,171,"Northeast U.S. Continental Shelf",1.16497,NA,NA,33,0,"Scophthalmus aquosus",1.47,NA,7,1,1,NA,2.45585100976168,NA,NA,1,1,33,"NEFSC132",FALSE
"172","NEFSC-WINFLOUN5Z-1982-2007-HENDRICKSON",172,172,"Northeast U.S. Continental Shelf",8113.19,NA,16000,25,25,"Pseudopleuronectes americanus",NA,NA,7,1,1,NA,2.20414091757925,NA,0,0,0,25,"NEFSC133",FALSE
"173","NEFSC-WINFLOUND5Y-1982-2008-NITSCHKE",173,173,"Northeast U.S. Continental Shelf",NA,NA,NA,0,0,"Pseudopleuronectes americanus",NA,NA,7,1,1,NA,1.91798486626927,NA,NA,0,NA,0,NA,NA
"174","NEFSC-WINFLOUNSNEMATL-1940-2007-TERCEIRO",174,174,"Northeast U.S. Continental Shelf",94653.8,NA,38761,27,27,"Pseudopleuronectes americanus",NA,NA,7,1,1,74958,8.16707915796452,NA,1,0,1,27,"NEFSC134",FALSE
"175","NEFSC-WITFLOUN5Y-1982-2008-WIGLEY",175,175,"Northeast U.S. Continental Shelf",NA,NA,11447,0,26,"Glyptocephalus cynoglossus",NA,0.2,7,1,1,NA,3.33288755327532,NA,0,0,NA,26,NA,NA
"176","NEFSC-YELLCCODGOM-1935-2008-LEGAULT",176,176,"Northeast U.S. Continental Shelf",13580.4,NA,7790,23,23,"Limanda ferruginea",NA,0.239,7,1,1,NA,2.40422606112211,NA,0,0,0,23,"NEFSC135",FALSE
"177","NEFSC-YELLGB-1935-2008-BAUM",177,177,"Northeast U.S. Continental Shelf",33208,NA,43200,36,35,"Limanda ferruginea",NA,0.254,7,1,1,NA,10.6808057985675,NA,1,0,1,36,"NEFSC136",FALSE
"178","NEFSC-YELLSNEMATL-1935-2008-BAUM",178,178,"Northeast U.S. Continental Shelf",56219.4,NA,27400,35,35,"Limanda ferruginea",NA,0.254,7,1,1,NA,16.6731560391158,NA,1,0,1,35,"NEFSC137",FALSE
"179","NIWA-AUSSALMONNZ-1975-2006-JENSEN",179,179,"New Zealand Shelf",22408.1,NA,12280.72932,32,32,"Arripis trutta",NA,0.32,46,1,1,NA,2.79229444228064,NA,0,0,0,32,"NIWA138",FALSE
"180","NIWA-OROUGHYNZMEC-1981-2004-JENSEN",180,180,"New Zealand Shelf",131808,NA,20213.00407,24,24,"Hoplostethus atlanticus",NA,0.044,46,1,1,NA,7.01340232673807,NA,0,0,0,24,"NIWA139",FALSE
"181","NMFS-MENATLAN-1940-2005-STANTON",181,181,"Northeast U.S. Continental Shelf",1479280,NA,NA,51,0,"Brevoortia tyrannus",NA,NA,7,3,1,NA,372.220743773961,NA,NA,0,0,51,"NMFS140",FALSE
"182","NWFSC-ARFLOUNDPCOAST-1916-2007-BRANCH",182,182,"California Current",48858.4,NA,16593,92,92,"Reinhardtius stomias",NA,0.21,3,2,1,NA,3.96121942549541,NA,0,0,0,92,"NWFSC141",FALSE
"183","NWFSC-BGROCKPCOAST-1950-2005-STANTON",183,183,"California Current",16385.6,NA,3799,56,56,"Sebastes melanostomus",0.029,NA,3,1,1,NA,0.455759304517922,NA,0,0,0,56,"NWFSC142",FALSE
"184","NWFSC-BLACKROCKNPCOAST-1914-2006-BRANCH",184,184,"California Current",6591.31,NA,698.62,92,92,"Sebastes melanops",NA,0.141,3,1,1,NA,0.39644990347447,NA,0,0,0,92,"NWFSC143",FALSE
"185","NWFSC-BLACKROCKSPCOAST-1915-2007-BRANCH",185,185,"California Current",14544.9,NA,1444.6,93,93,"Sebastes melanops",NA,0.08864,3,1,1,NA,0.777526334117465,NA,0,0,0,93,"NWFSC144",FALSE
"186","NWFSC-BLUEROCKCAL-1916-2007-BRANCH",186,186,"California Current",6681.9,NA,831,92,92,"Sebastes mystinus",NA,0.0403,3,1,1,NA,0.427993636575536,NA,0,0,0,92,"NWFSC145",FALSE
"187","NWFSC-BOCACCSPCOAST-1951-2006-BRANCH",187,187,"California Current",33390.9,NA,NA,56,56,"Sebastes paucispinis",NA,0.063,3,1,1,NA,3.50569503977926,NA,NA,0,1,56,"NWFSC146",FALSE
"188","NWFSC-CHILISPCOAST-1892-2007-BRANCH",188,188,"California Current",22913.7,12126,NA,116,116,"Sebastes goodei",NA,0.112,3,1,1,NA,2.15827708500134,0,NA,0,0,116,"NWFSC147",FALSE
"189","NWFSC-COWCODSCAL-1900-2007-BRANCH",189,189,"California Current",2537.55,NA,995,108,108,"Sebastes levis",NA,0.027,3,1,1,NA,0.149268183209234,NA,1,0,1,108,"NWFSC148",FALSE
"190","NWFSC-CROCKPCOAST-1916-2009-Stachura",190,190,"California Current",34258.4,NA,9928,94,94,"Sebastes pinniger",NA,0.094,3,1,1,NA,2.2553224540137,NA,0,0,0,94,"NWFSC149",FALSE
"191","NWFSC-DKROCKPCOAST-1928-2007-BRANCH",191,191,"California Current",17023.4,NA,NA,80,80,"Sebastes crameri",NA,0.048,3,1,1,NA,0.926896794563589,NA,NA,0,0,80,"NWFSC150",FALSE
"192","NWFSC-ESOLEPCOAST-1876-2007-BRANCH",192,192,"California Current",34901.5,NA,6526,132,132,"Parophrys vetulus",NA,0.27,3,1,1,NA,3.72711608920951,NA,0,0,0,132,"NWFSC151",FALSE
"193","NWFSC-KELPGREENLINGORECOAST-1979-2005-STANTON",193,193,"California Current",750.658,NA,123,27,27,"Hexagrammos decagrammus",0.125,NA,3,1,1,NA,0.0492409903848788,NA,0,0,0,27,"NWFSC152",FALSE
"194","NWFSC-LNOSESKAPCOAST-1915-2007-BRANCH",194,194,"California Current",45714.6,NA,2626,93,93,"Raja rhina",NA,0.027,3,1,1,NA,1.040711609903,NA,0,0,0,93,"NWFSC153",FALSE
"195","NWFSC-LSTHORNHPCOAST-1962-2005-STANTON",195,195,"California Current",114779,NA,28305,42,42,"Sebastolobus altivelis",NA,0.055,3,1,1,NA,3.1574939802319,NA,0,0,0,42,"NWFSC154",FALSE
"196","NWFSC-PHAKEPCOAST-1966-2008-BRANCH",196,196,"California Current",4860850,NA,680000,43,43,"Merluccius productus",NA,0.26,3,2,1,NA,298.265452569612,NA,0,0,0,43,"NWFSC155",FALSE
"197","NWFSC-POPERCHPCOAST-1953-2007-BRANCH",197,197,"California Current",4.63738e+16,NA,14793,52,52,"Sebastes alutus",NA,0.0382,3,1,1,173796.2,3.93670951037178,NA,0,0,1,52,"NWFSC156",FALSE
"198","NWFSC-PSOLENPCOAST-1910-2005-STANTON",198,198,"California Current",12444,NA,2658,96,96,"Eopsetta jordani",0.12,NA,3,1,1,NA,1.55388004721109,NA,0,0,0,96,"NWFSC157",FALSE
"199","NWFSC-PSOLESPCOAST-1874-2005-STANTON",199,199,"California Current",14116.6,NA,4121,132,132,"Eopsetta jordani",0.14,NA,3,1,1,NA,1.3893109408801,NA,0,0,0,132,"NWFSC158",FALSE
"200","NWFSC-SABLEFPCOAST-1900-2007-BRANCH",200,200,"California Current",231832,91559,NA,108,108,"Anoplopoma fimbria",NA,0.0333,3,1,1,NA,10.1940621068088,0,NA,0,0,108,"NWFSC159",FALSE
"201","NWFSC-SSTHORNHPCOAST-1901-2005-STANTON",201,201,"California Current",93268.1,NA,52258,105,105,"Sebastolobus alascanus",0.0184,0.0238,3,1,1,NA,2.16024084622367,NA,0,0,0,105,"NWFSC160",FALSE
"202","NWFSC-WROCKPCOAST-1955-2006-BRANCH",202,202,"California Current",131549,NA,NA,49,49,"Sebastes entomelas",NA,0.121,3,1,1,NA,7.94434567299753,NA,NA,0,0,49,"NWFSC161",FALSE
"203","NWFSC-YEYEROCKPCOAST-1923-2006-BRANCH",203,203,"California Current",3444.44,NA,1179,84,84,"Sebastes ruberrimus",NA,0.017,3,1,1,NA,0.224369319392239,NA,0,0,0,84,"NWFSC162",FALSE
"204","NWFSC-YTROCKNPCOAST-1967-2005-STANTON",204,204,"California Current",99442.1,NA,12407,39,39,"Sebastes flavidus",NA,NA,3,1,1,NA,5.31927354496827,NA,0,0,0,39,"NWFSC163",FALSE
"205","NWWG-CAPEICE-1977-2007-MINTO",205,205,"Iceland Shelf",2423830,NA,NA,29,29,"Mallotus villosus",NA,NA,59,1,1,NA,881.059165599207,NA,NA,0,0,29,"NWWG164",FALSE
"206","NWWG-CODFAPL-1959-2006-MINTO",206,206,"Faroe Plateau",99317.4,NA,NA,46,46,"Gadus morhua",NA,NA,60,1,1,NA,24.6379346980409,NA,NA,0,0,46,"NWWG165",FALSE
"207","NWWG-CODICE-1952-2006-MINTO",207,207,"Iceland Shelf",1475000,NA,NA,52,52,"Gadus morhua",NA,NA,59,1,1,NA,373.274375868865,NA,NA,0,0,52,"NWWG166",FALSE
"208","NWWG-HADFAPL-1955-2006-MINTO",208,208,"Faroe Plateau",95793.6,NA,NA,50,50,"Melanogrammus aeglefinus",NA,NA,60,1,1,NA,21.3405776400717,NA,NA,0,0,50,"NWWG167",FALSE
"209","NWWG-HADICE-1977-2007-MINTO",209,209,"Iceland Shelf",411348,NA,NA,29,29,"Melanogrammus aeglefinus",NA,NA,59,1,1,NA,77.5354590127664,NA,NA,0,0,29,"NWWG168",FALSE
"210","NWWG-POLLFAPL-1958-2006-MINTO",210,210,"Faroe Plateau",240557,NA,NA,46,46,"Pollachius virens",NA,NA,60,1,1,NA,50.248713572762,NA,NA,0,0,46,"NWWG169",FALSE
"211","NZMFishDEEPWATER-BLACKOREOWECR-1973-2007-JENSEN",211,211,"New Zealand Shelf",112286,NA,27427,35,35,"Allocyttus niger",NA,0.0341,46,1,1,NA,4.23360077963591,NA,0,0,0,35,"NZMFishDEEPWATER170",FALSE
"212","NZMFishDEEPWATER-SMOOTHOREOCR-1979-2006-JENSEN",212,212,"New Zealand Shelf",144956,NA,50242.75375,28,28,"Pseudocyttus maculatus",NA,0.0955,46,1,1,NA,6.14083067963786,NA,0,0,0,28,"NZMFishDEEPWATER171",FALSE
"213","NZMFishDEEPWATER-SMOOTHOREOWECR-1973-2004-JENSEN",213,213,"New Zealand Shelf",62066.6,NA,21242.3892,32,32,"Pseudocyttus maculatus",NA,0.0793,46,1,1,NA,3.64384384038918,NA,0,0,0,32,"NZMFishDEEPWATER172",FALSE
"214","NZMFishHOKIWG-HOKIENZ-1972-2007-FRANCIS",214,214,"New Zealand Shelf",660648,NA,NA,36,36,"Macruronus novaezelandiae",NA,NA,46,1,1,NA,58.1367204734936,NA,NA,0,0,36,"NZMFishHOKIWG173",FALSE
"215","NZMFishHOKIWG-HOKIWNZ-1972-2007-FRANCIS",215,215,"New Zealand Shelf",1083490,NA,NA,36,36,"Macruronus novaezelandiae",NA,NA,46,1,1,NA,110.378424653919,NA,NA,0,0,36,"NZMFishHOKIWG174",FALSE
"216","NZMFishINSHOREWG-NZSNAPNZ8-1931-2005-JENSEN",216,216,"New Zealand Shelf",53383.8,NA,23536.1148,75,75,"Chrysophrys auratus",NA,0.0923,46,1,1,NA,3.86020904591259,NA,0,0,1,75,"NZMFishINSHOREWG175",FALSE
"217","NZMFishINSHOREWG-TREVALLYTRE7-1944-2005-JENSEN",217,217,"New Zealand Shelf",31283.1,NA,15634.89433,62,62,"Pseudocaranx dentex",NA,0.113,46,1,1,NA,2.55287032225271,NA,0,0,0,62,"NZMFishINSHOREWG176",FALSE
"218","NZMFishLOBSTERWG-RROCKLOBSTERCRA1-1945-2001-JENSEN",218,218,"New Zealand Shelf",1550.94,NA,NA,57,0,"Jasus edwardsii",NA,NA,46,1,1,NA,0.269011857980647,NA,NA,0,0,57,"NZMFishLOBSTERWG177",FALSE
"219","NZMFishLOBSTERWG-RROCKLOBSTERCRA2-1945-2001-JENSEN",219,219,"New Zealand Shelf",2233.71,NA,NA,57,0,"Jasus edwardsii",NA,NA,46,1,1,NA,0.458465851415127,NA,NA,0,1,57,"NZMFishLOBSTERWG178",FALSE
"220","NZMFishLOBSTERWG-RROCKLOBSTERCRA3-1945-2007-JENSEN",220,220,"New Zealand Shelf",1117.87,NA,NA,63,0,"Jasus edwardsii",NA,NA,46,1,1,NA,0.448915502670277,NA,NA,0,1,63,"NZMFishLOBSTERWG179",FALSE
"221","NZMFishLOBSTERWG-RROCKLOBSTERCRA4-1945-2005-JENSEN",221,221,"New Zealand Shelf",2453.88,NA,NA,61,0,"Jasus edwardsii",NA,NA,46,1,1,NA,0.781546280764319,NA,NA,0,0,61,"NZMFishLOBSTERWG180",FALSE
"222","NZMFishLOBSTERWG-RROCKLOBSTERCRA5-1945-2002-JENSEN",222,222,"New Zealand Shelf",4205.56,NA,NA,58,0,"Jasus edwardsii",NA,NA,46,1,1,NA,0.528950120767142,NA,NA,0,1,58,"NZMFishLOBSTERWG181",FALSE
"223","NZMFishLOBSTERWG-RROCKLOBSTERCRA7-1976-2005-JENSEN",223,223,"New Zealand Shelf",558.312,NA,NA,30,0,"Jasus edwardsii",NA,NA,46,1,1,NA,0.249477315692319,NA,NA,0,1,30,"NZMFishLOBSTERWG182",FALSE
"224","NZMFishLOBSTERWG-RROCKLOBSTERCRA8-1976-2005-JENSEN",224,224,"New Zealand Shelf",3342.21,NA,NA,30,0,"Jasus edwardsii",NA,NA,46,1,1,NA,1.46534257080912,NA,NA,0,0,30,"NZMFishLOBSTERWG183",FALSE
"225","NZMFishMIDDEPTHSWG-GEMFISHNZ-1952-2007-JENSEN",225,225,"New Zealand Shelf",1.1152e+15,NA,1803.026167,55,55,"Rexea solandri",NA,0.289566667,46,1,1,46918.13334,1.25402081026939,NA,0,0,1,55,"NZMFishMIDDEPTHSWG184",FALSE
"226","NZMFishMIDDEPTHSWG-NZLINGLIN3-4-1972-2007-JENSEN",226,226,"New Zealand Shelf",91878.3,NA,30157.781,36,36,"Genypterus blacodes",NA,0.354,46,1,1,NA,5.28639502138328,NA,0,0,0,36,"NZMFishMIDDEPTHSWG185",FALSE
"227","NZMFishMIDDEPTHSWG-NZLINGLIN5-6-1972-2007-JENSEN",227,227,"New Zealand Shelf",168477,NA,48407.352,36,36,"Genypterus blacodes",NA,0.314,46,1,1,NA,8.56635079294122,NA,0,0,0,36,"NZMFishMIDDEPTHSWG186",FALSE
"228","NZMFishMIDDEPTHSWG-NZLINGLIN6b-1980-2006-JENSEN",228,228,"New Zealand Shelf",8746.48,NA,3014.0994,27,27,"Genypterus blacodes",NA,0.308,46,1,1,NA,0.583112424870198,NA,0,0,0,27,"NZMFishMIDDEPTHSWG187",FALSE
"229","NZMFishMIDDEPTHSWG-NZLINGLIN72-1972-2007-JENSEN",229,229,"New Zealand Shelf",4700.54,NA,1700.080512,36,36,"Genypterus blacodes",NA,0.246,46,1,1,NA,0.447152570734111,NA,0,0,0,36,"NZMFishMIDDEPTHSWG188",FALSE
"230","NZMFishMIDDEPTHSWG-NZLINGLIN7WC-1972-2008-JENSEN",230,230,"New Zealand Shelf",51353.8,NA,28029.9456,37,37,"Genypterus blacodes",NA,0.202,46,1,1,NA,2.27975982734496,NA,0,0,0,37,"NZMFishMIDDEPTHSWG189",FALSE
"231","NZMFishMIDDEPTHSWG-SBWHITACIR-1979-2006-JENSEN",231,231,"New Zealand Shelf",73932.1,NA,52105.0464,28,28,"Micromesistius australis",NA,0.328,46,1,1,NA,22.956872122942,NA,0,0,0,28,"NZMFishMIDDEPTHSWG190",FALSE
"232","NZMFishMIDDEPTHSWG-SOUTHHAKECR-1975-2006-JENSEN",232,232,"New Zealand Shelf",43967.4,NA,7786.9455,32,32,"Merluccius australis",NA,0.29,46,1,1,NA,2.15905890222888,NA,0,0,0,32,"NZMFishMIDDEPTHSWG191",FALSE
"233","NZMFishMIDDEPTHSWG-SOUTHHAKESA-1975-2007-JENSEN",233,233,"New Zealand Shelf",61222.2,NA,14153.0846,33,33,"Merluccius australis",NA,0.307,46,1,1,NA,2.57170782224541,NA,0,0,0,33,"NZMFishMIDDEPTHSWG192",FALSE
"234","NZMFishSHELLFISHWG-PAUAPAU5A-1964-2006-JENSEN",234,234,"New Zealand Shelf",704.538,NA,NA,43,43,"Haliotis iris",NA,NA,46,1,1,NA,0.146371367397991,NA,NA,0,0,43,"NZMFishSHELLFISHWG193",FALSE
"235","NZMFishSHELLFISHWG-PAUAPAU5B-1963-2007-JENSEN",235,235,"New Zealand Shelf",1539.47,NA,NA,45,45,"Haliotis iris",NA,NA,46,1,1,NA,0.18626248789734,NA,NA,0,0,45,"NZMFishSHELLFISHWG194",FALSE
"236","NZMFishSHELLFISHWG-PAUAPAU5D-1964-2006-JENSEN",236,236,"New Zealand Shelf",904.785,NA,NA,43,43,"Haliotis iris",NA,NA,46,1,1,NA,0.156729857226299,NA,NA,0,0,43,"NZMFishSHELLFISHWG195",FALSE
"237","NZMFishSHELLFISHWG-PAUAPAU7-1964-2008-JENSEN",237,237,"New Zealand Shelf",1977.12,NA,NA,45,45,"Haliotis iris",NA,NA,46,1,1,NA,0.240860032377916,NA,NA,0,0,45,"NZMFishSHELLFISHWG196",FALSE
"238","PFMC-LINGCODNPCOAST-1956-2005-STANTON",238,238,"California Current",NA,NA,NA,0,50,"Ophiodon elongatus",NA,NA,3,1,1,NA,1.64661646584534,NA,NA,0,NA,50,NA,NA
"239","PFMC-LINGCODSPCOAST-1956-2005-STANTON",239,239,"California Current",NA,NA,NA,0,50,"Ophiodon elongatus",NA,NA,3,1,1,NA,1.45860960474546,NA,NA,0,NA,50,NA,NA
"240","RIDEM-LOBSTERRI-1959-2007-COLLIE",240,240,"Northeast U.S. Continental Shelf",5744.06,5662,NA,49,0,"Homarus americanus",NA,0.442,7,1,1,NA,1.38289327978625,1,NA,0,1,49,"RIDEM197",FALSE
"241","RIDEM-TAUTOGRI-1959-2007-COLLIE",241,241,"Northeast U.S. Continental Shelf",1478.22,1562,NA,49,0,"Tautoga onitis",NA,0.292,7,1,1,NA,0.350196167761935,0,NA,0,0,49,"RIDEM198",FALSE
"242","RIDEM-WINFLOUNDRI-1959-2007-COLLIE",242,242,"Northeast U.S. Continental Shelf",38868.4,5478,NA,49,0,"Pseudopleuronectes americanus",NA,0.266,7,1,1,10444.0434,0.989303393707043,1,NA,0,1,49,"RIDEM199",FALSE
"243","SEFSC-BHEADSHARATL-1950-2005-FAUCONNET",243,243,"Southeast U.S. Continental Shelf",1971.88,NA,NA,56,0,"Sphyrna tiburo",NA,0.31,6,2,1,NA,0.267672276764641,NA,NA,0,0,56,"SEFSC200",FALSE
"244","SEFSC-BNOSESHARATL-1950-2005-FAUCONNET",244,244,"Southeast U.S. Continental Shelf",NA,NA,NA,56,0,"Carcharhinus acronotus",NA,0.07,6,2,0,NA,NA,NA,NA,NA,NA,56,NA,NA
"245","SEFSC-BTIPSHARATL-1981-2004-FAUCONNET",245,245,"Southeast U.S. Continental Shelf",25627.7,NA,NA,24,0,"Carcharhinus limbatus",NA,0.2,6,2,1,NA,0.0470987742814621,NA,NA,0,0,24,"SEFSC201",FALSE
"246","SEFSC-BTIPSHARGM-1981-2004-FAUCONNET",246,246,"Gulf of Mexico",12230.6,NA,NA,24,0,"Carcharhinus limbatus",NA,0.2,5,1,1,NA,0.216275735518557,NA,NA,0,0,24,"SEFSC202",FALSE
"247","SEFSC-FTOOTHSHARATL-1976-2005-FAUCONNET",247,247,"Southeast U.S. Continental Shelf",NA,NA,NA,30,0,"Carcharhinus isodon",NA,0.03,6,2,0,NA,NA,NA,NA,NA,NA,30,NA,NA
"248","SEFSC-GAGGM-1963-2004-JENSEN",248,248,"Gulf of Mexico",13767.4,NA,12383.06,42,42,"Mycteroperca microlepis",NA,0.201,5,1,1,NA,3.39960010074798,NA,0,0,0,42,"SEFSC203",FALSE
"249","SEFSC-GAGSATLC-1962-2005-JENSEN",249,249,"Southeast U.S. Continental Shelf",NA,NA,3594.7166,43,44,"Mycteroperca microlepis",NA,0.237,6,1,1,NA,NA,NA,0,NA,NA,44,NA,NA
"250","SEFSC-GRAMBERGM-1986-2004-JENSEN",250,250,"Gulf of Mexico",NA,NA,4024.721816,19,0,"Seriola dumerili",NA,0.5679,5,1,0,NA,1.98064849517974,NA,0,0,NA,19,NA,NA
"251","SEFSC-GRAMBERSATLC-1946-2006-JENSEN",251,251,"Southeast U.S. Continental Shelf",NA,5491,1940,61,61,"Seriola dumerili",NA,0.433,6,1,1,NA,NA,0,0,NA,NA,61,NA,NA
"252","SEFSC-GTRIGGM-1981-2004-JENSEN",252,252,"Gulf of Mexico",NA,NA,NA,0,24,"Balistes capriscus",NA,0.45,5,1,1,NA,NA,NA,NA,NA,NA,24,NA,NA
"253","SEFSC-KMACKGM-1992-2001-JENSEN",253,253,"Gulf of Mexico",NA,NA,NA,10,10,"Scomberomorus cavalla",NA,0.269,5,1,1,NA,4.3340574166441,NA,NA,0,NA,10,NA,NA
"254","SEFSC-KMACKSATLC-1981-2001-JENSEN",254,254,"Southeast U.S. Continental Shelf",NA,NA,NA,10,10,"Scomberomorus cavalla",NA,0.29,6,1,1,NA,3.55879161602357,NA,NA,0,NA,10,NA,NA
"255","SEFSC-MENATGM-1964-2004-GILROY",255,255,"Gulf of Mexico",2442840,NA,NA,41,41,"Brevoortia patronus",NA,NA,5,1,1,NA,595.819821811097,NA,NA,0,0,41,"SEFSC204",FALSE
"256","SEFSC-MUTSNAPSATLCGM-1981-2006-JENSEN",256,256,"Southeast U.S. Continental Shelf",NA,NA,6296,26,26,"Lutjanus analis",NA,0.34,6,2,1,NA,NA,NA,0,NA,NA,26,NA,NA
"257","SEFSC-RGROUPGM-1986-2005-JENSEN",257,257,"Gulf of Mexico",239884,NA,NA,20,0,"Epinephelus morio",NA,0.22,5,1,1,80568.24,3.89132461995556,NA,NA,0,0,20,"SEFSC205",FALSE
"258","SEFSC-RPORGYSATLC-1972-2004-JENSEN",258,258,"Southeast U.S. Continental Shelf",4660.04,NA,3236.02,33,33,"Pagrus pagrus",NA,0.2,6,1,1,NA,0.470162700039496,NA,0,0,0,33,"SEFSC206",FALSE
"259","SEFSC-RSNAPEGM-1872-2003-STANTON",259,259,"Gulf of Mexico",NA,NA,1236505.489,0,44,"Lutjanus campechanus",NA,NA,5,1,1,NA,1.94991009657141,NA,0,0,NA,44,NA,NA
"260","SEFSC-RSNAPSATLC-1945-2006-JENSEN",260,260,"Southeast U.S. Continental Shelf",NA,NA,5184,62,62,"Lutjanus campechanus",NA,0.112,6,1,1,NA,NA,NA,1,NA,NA,62,NA,NA
"261","SEFSC-RSNAPWGM-1880-2003-STANTON",261,261,"Gulf of Mexico",NA,NA,1236505.489,0,20,"Lutjanus campechanus",NA,NA,5,1,1,NA,2.42246830548905,NA,0,0,NA,20,NA,NA
"262","SEFSC-SBARSHARATL-1975-2004-FAUCONNET",262,262,"Scotian Shelf",2.28699e+15,NA,NA,30,0,"Carcharhinus plumbeus",NA,0.015,8,2,1,7357.46,0.123999640918719,NA,NA,0,0,30,"SEFSC207",FALSE
"263","SEFSC-SNOSESHARATL-1950-2005-FAUCONNET",263,263,"Southeast U.S. Continental Shelf",NA,NA,NA,0,0,"Rhizoprionodon terraenovae",NA,0.19,6,2,1,NA,0.500009908836656,NA,NA,0,NA,0,NA,NA
"264","SEFSC-SNOWGROUPSATLC-1961-2002-STANTON",264,264,"Southeast U.S. Continental Shelf",2103.64,2481,2116,42,42,"Epinephelus niveatus",0.037,0.05,6,1,1,NA,0.1811280009124,0,0,0,0,42,"SEFSC208",FALSE
"265","SEFSC-SPANMACKSATLC-1950-2008-JENSEN",265,265,"Southeast U.S. Continental Shelf",34166.5,40288,15027,59,58,"Scomberomorus maculatus",NA,0.352,6,1,1,NA,6.41458407956581,0,0,0,0,59,"SEFSC209",FALSE
"266","SEFSC-TILESATLC-1961-2002-STANTON",266,266,"Southeast U.S. Continental Shelf",3472.64,2611.4,879.4,42,42,"Lopholatilus chamaeleonticeps",0.035,0.043,6,1,1,NA,0.343672175641753,0,0,0,0,42,"SEFSC210",FALSE
"267","SEFSC-VSNAPGM-1981-2004-JENSEN",267,267,"Gulf of Mexico",NA,NA,NA,0,24,"Rhomboplites aurorubens",NA,0.81,5,1,1,NA,1.29460419610101,NA,NA,0,NA,24,NA,NA
"268","SEFSC-VSNAPSATLC-1946-2008-STANTON",268,268,"Southeast U.S. Continental Shelf",4031.9,3300,NA,63,62,"Rhomboplites aurorubens",NA,0.386,6,1,1,NA,0.475902355830579,0,NA,0,0,63,"SEFSC211",FALSE
"269","SEFSC-YTSNAPSATLC-1962-2001-STANTON",269,269,"Southeast U.S. Continental Shelf",NA,NA,4913,0,21,"Ocyurus chrysurus",NA,0.36,6,1,1,NA,0.768535266682037,NA,0,0,NA,21,NA,NA
"270","SFI-WPOLLNSO-1985-1994-JENSEN",270,270,"Sea of Okhotsk",NA,7600000,NA,10,0,"Theragra chalcogramma",NA,0.27,52,1,1,NA,1620.81061984414,0,NA,0,NA,10,NA,NA
"271","SPC-ALBASPAC-1959-2006-JENSEN",271,271,"Pacific High Seas",538957,NA,40400,48,48,"Thunnus alalunga",0.188,NA,-99,1,1,NA,56.237831768312,NA,0,0,0,48,"SPC212",FALSE
"272","SPC-BIGEYEWPO-1952-2006-JENSEN",272,272,"Pacific High Seas",501459,249600,102200,55,55,"Thunnus obesus",0.2588,NA,-99,1,1,NA,113.911170778968,0,0,0,0,55,"SPC213",FALSE
"273","SPC-SKJCWPAC-1972-2006-JENSEN",273,273,"Pacific High Seas",5850390,NA,894200,35,35,"Katsuwonus pelamis",0.89,NA,-99,1,1,NA,1101.67098262238,NA,0,0,0,35,"SPC214",FALSE
"274","SPC-STMARLINSWPO-1950-2003-JENSEN",274,274,"Pacific High Seas",18260.9,10890,8903,54,54,"Kajikia audax",NA,0.226,-99,1,1,NA,3.04642508330586,0,0,0,0,54,"SPC215",FALSE
"275","SPC-YFINCWPAC-1952-2005-JENSEN",275,275,"Pacific High Seas",2494860,1489000,679800,54,54,"Thunnus albacares",0.2686,NA,-99,1,1,NA,402.120019228144,0,0,0,0,54,"SPC216",FALSE
"276","SPRFMO-CHTRACCH-1950-2010-RICARD",276,276,"Humboldt Current",35673600,NA,NA,41,53,"Trachurus murphyi",NA,NA,13,1,1,NA,2261.21326506271,NA,NA,0,1,53,"SPRFMO217",FALSE
"277","SWFSC-CALSCORPSCAL-1990-2005-STANTON",277,277,"California Current",NA,NA,NA,11,11,"Scorpaena guttata",NA,NA,3,1,1,NA,NA,NA,NA,NA,NA,11,NA,NA
"278","SWFSC-CMACKPCOAST-1929-2008-PINSKY",278,278,"California Current",NA,NA,122357,0,80,"Scomber japonicus",NA,NA,3,1,1,NA,31.5396360544917,NA,0,0,NA,80,NA,NA
"279","SWFSC-DSOLEPCOAST-1910-2005-STANTON",279,279,"California Current",281000,NA,117281,96,96,"Microstomus pacificus",NA,NA,3,1,1,NA,14.8245145419559,NA,0,0,0,96,"SWFSC218",FALSE
"280","SWFSC-GOPHERSPCOAST-1965-2005-STANTON",280,280,"California Current",5659.13,NA,798,41,41,"Sebastes carnatus",0.103,NA,3,1,1,NA,0.0982755828354932,NA,0,0,0,41,"SWFSC219",FALSE
"281","SWFSC-SARDPCOAST-1981-2007-PINSKY",281,281,"California Current",NA,NA,NA,27,27,"Sardinops sagax",NA,0.15,3,2,1,NA,136.299365718817,NA,NA,0,NA,27,NA,NA
"282","SWFSC-SBELLYROCKPCOAST-1950-2005-BRANCH",282,282,"California Current",4.77998e-06,NA,NA,56,56,"Sebastes jordani",NA,NA,3,1,1,NA,0.801815495072988,NA,NA,0,0,56,"SWFSC220",FALSE
"283","SWFSC-STFLOUNNPCOAST-1970-2005-STANTON",283,283,"California Current",7718.91,NA,1930,36,36,"Platichthys stellatus",0.169,NA,3,1,1,NA,0.628155083041596,NA,0,0,0,36,"SWFSC221",FALSE
"284","SWFSC-STFLOUNSPCOAST-1970-2005-STANTON",284,284,"California Current",3129.59,NA,934,36,36,"Platichthys stellatus",0.169,NA,3,1,1,NA,0.331127603490037,NA,0,0,0,36,"SWFSC222",FALSE
"285","TAFI-TASGIANTCRABTAS-1990-2007-JENSEN",285,285,"Southeast Australian Shelf",NA,NA,NA,18,18,"Pseudocarcinus gigas",NA,NA,42,1,1,NA,0.0979030939072126,NA,NA,0,NA,18,NA,NA
"286","VNIRO-WPOLLWBS-1994-2004-JENSEN",286,286,"West Bering Sea",NA,NA,NA,11,0,"Theragra chalcogramma",NA,NA,53,1,0,NA,499.286043378345,NA,NA,0,NA,11,NA,NA
"287","WGBFAS-CODBA2224-1969-2007-JENNINGS",287,287,"Baltic Sea",135573,NA,NA,37,38,"Gadus morhua",NA,NA,23,1,1,NA,38.4098159256325,NA,NA,0,0,38,"WGBFAS223",FALSE
"288","WGBFAS-CODBA2532-1964-2007-JENNINGS",288,288,"Baltic Sea",1263170,NA,NA,41,41,"Gadus morhua",NA,NA,23,1,1,NA,183.715820162301,NA,NA,0,1,41,"WGBFAS224",FALSE
"289","WGBFAS-CODKAT-1970-2006-MINTO",289,289,"North Sea",42492.8,NA,NA,36,36,"Gadus morhua",NA,NA,22,1,1,NA,12.4646845680003,NA,NA,0,1,36,"WGBFAS225",FALSE
"290","WGBFAS-HERR2532-1973-2006-JENNINGS",290,290,"Baltic Sea",1909120,NA,NA,33,33,"Clupea harengus",NA,NA,23,1,1,NA,244.929871779943,NA,NA,0,0,33,"WGBFAS226",FALSE
"291","WGBFAS-HERR30-1972-2007-JENNINGS",291,291,"Baltic Sea",358191,NA,NA,34,34,"Clupea harengus",NA,NA,23,1,1,NA,56.9377163026741,NA,NA,0,0,34,"WGBFAS227",FALSE
"292","WGBFAS-HERR31-1979-2006-JENNINGS",292,292,"Baltic Sea",58098.2,NA,NA,27,27,"Clupea harengus",NA,NA,23,1,1,NA,6.74178774671137,NA,NA,0,0,27,"WGBFAS228",FALSE
"293","WGBFAS-HERRIsum-1983-2007-JENNINGS",293,293,"Iceland Shelf",1371450,NA,NA,22,22,"Clupea harengus",NA,NA,59,1,1,NA,108.761565156185,NA,NA,0,0,22,"WGBFAS229",FALSE
"294","WGBFAS-HERRRIGA-1976-2007-JENNINGS",294,294,"Baltic Sea",117463,NA,NA,30,31,"Clupea harengus",NA,NA,23,1,1,NA,33.9940554092034,NA,NA,0,0,31,"WGBFAS230",FALSE
"295","WGBFAS-SOLEIIIa-1982-2007-JENNINGS",295,295,"North Sea",3800.76,NA,NA,23,24,"Solea vulgaris",NA,NA,22,1,1,NA,0.86591594235959,NA,NA,0,0,24,"WGBFAS231",FALSE
"296","WGBFAS-SPRAT22-32-1973-2007-JENNINGS",296,296,"Baltic Sea",1610160,NA,NA,33,34,"Sprattus sprattus",NA,NA,23,1,1,NA,369.164745151633,NA,NA,0,0,34,"WGBFAS232",FALSE
"297","WGHMM-FMEG8c9a-1986-2006-JENNINGS",297,297,"Iberian Coastal",2.31095e+15,NA,NA,21,21,"Lepidorhombus boscii",NA,NA,25,1,1,16428,1.27856217515658,NA,NA,0,0,21,"WGHMM233",FALSE
"298","WGHMM-HAKENRTN-1977-2007-JENNINGS",298,298,"Celtic-Biscay Shelf",232284,NA,NA,28,29,"Merluccius merluccius",NA,NA,24,2,1,NA,55.3679786539025,NA,NA,0,0,29,"WGHMM234",FALSE
"299","WGHMM-HAKESOTH-1982-2007-JENNINGS",299,299,"Iberian Coastal",NA,NA,NA,0,26,"Merluccius merluccius",NA,NA,25,1,1,NA,12.6440052812583,NA,NA,0,NA,26,NA,NA
"300","WGHMM-MEG8c9a-1985-2007-JENNINGS",300,300,"Iberian Coastal",5154.81,NA,NA,21,21,"Lepidorhombus whiffiagonis",NA,NA,25,1,1,NA,0.464922829783948,NA,NA,0,0,21,"WGHMM235",FALSE
"301","WGHMM-SOLEVIII-1982-2006-JENNINGS",301,301,"Celtic-Biscay Shelf",25225.1,NA,NA,23,23,"Solea vulgaris",NA,NA,24,2,1,NA,5.7465692904667,NA,NA,0,0,23,"WGHMM236",FALSE
"302","WGMHSA-ANCHOBAYB-1986-2007-JENNINGS",302,302,"Celtic-Biscay Shelf",NA,NA,NA,0,21,"Engraulis encrasicolus",NA,NA,24,2,1,NA,26.6169117167148,NA,NA,0,NA,21,NA,NA
"303","WGMHSA-MACKNEICES-1972-2007-JENNINGS",303,303,"Celtic-Biscay Shelf",2986850,NA,NA,35,35,"Scomber scombrus",NA,NA,24,3,1,NA,687.813632433084,NA,NA,0,0,35,"WGMHSA237",FALSE
"304","WGMHSA-SARDPVIIIc-IXa-1978-2007-JENNINGS",304,304,"Iberian Coastal",NA,NA,NA,0,30,"Sardina pilchardus",NA,NA,25,1,1,NA,155.298734159392,NA,NA,0,NA,30,NA,NA
"305","WGNPBW-BWHITNEA-1980-2007-JENNINGS",305,305,"Celtic-Biscay Shelf",10523200,NA,NA,27,27,"Micromesistius poutassou",NA,NA,24,5,1,NA,1761.40860792082,NA,NA,0,0,27,"WGNPBW238",FALSE
"306","WGNSDS-CODIS-1968-2006-MINTO",306,306,"Celtic-Biscay Shelf",51611.1,NA,NA,39,39,"Gadus morhua",NA,NA,24,1,1,NA,8.79804102837837,NA,NA,0,1,39,"WGNSDS239",FALSE
"307","WGNSDS-CODVIa-1977-2006-MINTO",307,307,"Celtic-Biscay Shelf",66571.6,NA,NA,29,29,"Gadus morhua",NA,NA,24,1,1,NA,16.0051747526549,NA,NA,0,1,29,"WGNSDS240",FALSE
"308","WGNSDS-HADIS-1972-2006-MINTO",308,308,"Celtic-Biscay Shelf",NA,NA,NA,15,15,"Melanogrammus aeglefinus",NA,NA,24,1,1,NA,1.73291651229993,NA,NA,1,NA,15,NA,NA
"309","WGNSDS-HADVIa-1977-2006-MINTO",309,309,"Celtic-Biscay Shelf",78659.9,NA,NA,29,29,"Melanogrammus aeglefinus",NA,NA,24,1,1,NA,23.7147194585565,NA,NA,0,0,29,"WGNSDS241",FALSE
"310","WGNSDS-PLAICIS-1962-2006-MINTO",310,310,"Celtic-Biscay Shelf",12397.2,NA,NA,43,43,"Pleuronectes platessa",NA,NA,24,1,1,NA,3.39338170633416,NA,NA,0,0,43,"WGNSDS242",FALSE
"311","WGNSDS-SOLEIS-1968-2006-MINTO",311,311,"Celtic-Biscay Shelf",5913.34,NA,NA,37,37,"Solea vulgaris",NA,NA,24,1,1,NA,1.38725996372437,NA,NA,0,0,37,"WGNSDS243",FALSE
"312","WGNSDS-WHITVIa-1984-2007-MINTO",312,312,"Celtic-Biscay Shelf",NA,NA,NA,23,23,"Merlangius merlangus",NA,NA,24,1,1,NA,NA,NA,NA,NA,NA,23,NA,NA
"313","WGNSSK-CODNS-1962-2007-MINTO",313,313,"North Sea",836284,NA,NA,44,45,"Gadus morhua",NA,NA,22,1,1,NA,260.478528616446,NA,NA,0,1,45,"WGNSSK244",FALSE
"314","WGNSSK-HADNS-IIIa-1963-2006-MINTO",314,314,"North Sea",1667420,NA,NA,44,44,"Melanogrammus aeglefinus",NA,NA,22,1,1,NA,287.250642160766,NA,NA,0,0,44,"WGNSSK245",FALSE
"315","WGNSSK-HADROCK-1990-2007-JENNINGS",315,315,"Celtic-Biscay Shelf",NA,NA,NA,16,17,"Melanogrammus aeglefinus",NA,NA,24,1,1,NA,4.78899824449742,NA,NA,0,NA,17,NA,NA
"316","WGNSSK-NPOUTNS-1983-2007-MINTO",316,316,"North Sea",659068,NA,NA,24,25,"Trisopterus esmarkii",NA,NA,22,1,1,NA,181.479008805439,NA,NA,0,0,25,"WGNSSK246",FALSE
"317","WGNSSK-PLAIC7d-1979-2006-MINTO",317,317,"Celtic-Biscay Shelf",NA,NA,NA,0,27,"Pleuronectes platessa",NA,NA,24,1,1,NA,5.67806629208477,NA,NA,0,NA,27,NA,NA
"318","WGNSSK-PLAICIIIa-1976-2006-MINTO",318,318,"North Sea",NA,NA,NA,0,29,"Pleuronectes platessa",NA,NA,22,1,1,NA,12.1226652886727,NA,NA,0,NA,29,NA,NA
"319","WGNSSK-PLAICNS-1956-2006-MINTO",319,319,"North Sea",NA,NA,NA,0,50,"Pleuronectes platessa",NA,NA,22,1,1,NA,115.437700578347,NA,NA,0,NA,50,NA,NA
"320","WGNSSK-POLLNS-VI-IIIa-1964-2006-MINTO",320,320,"North Sea",1036930,NA,NA,40,40,"Pollachius virens",NA,NA,22,2,1,NA,160.298879070993,NA,NA,0,0,40,"WGNSSK247",FALSE
"321","WGNSSK-SEELNS-1983-2007-MINTO",321,321,"North Sea",1904420,NA,NA,25,25,"Ammodytes marinus",NA,NA,22,1,1,NA,669.48380618693,NA,NA,0,0,25,"WGNSSK248",FALSE
"322","WGNSSK-SOLENS-1956-2006-MINTO",322,322,"North Sea",NA,NA,NA,0,50,"Solea vulgaris",NA,NA,22,1,1,NA,21.5628467175412,NA,NA,0,NA,50,NA,NA
"323","WGNSSK-SOLEVIId-1981-2006-MINTO",323,323,"Celtic-Biscay Shelf",15948.5,NA,NA,25,25,"Solea vulgaris",NA,NA,24,1,1,NA,4.56089898572634,NA,NA,0,0,25,"WGNSSK249",FALSE
"324","WGNSSK-WHITNS-VIId-IIIa-1979-2006-MINTO",324,324,"North Sea",457963,NA,NA,27,27,"Merlangius merlangus",NA,NA,22,2,1,NA,117.862161483358,NA,NA,0,0,27,"WGNSSK250",FALSE
"325","WGSSDS-HADVIIb-k-1993-2006-JENNINGS",325,325,"Celtic-Biscay Shelf",NA,NA,NA,14,14,"Melanogrammus aeglefinus",NA,NA,24,1,1,NA,5.71750039757842,NA,NA,0,NA,14,NA,NA
"326","WGSSDS-PLAICCELT-1976-2006-JENNINGS",326,326,"Celtic-Biscay Shelf",3940.92,NA,NA,30,30,"Pleuronectes platessa",NA,NA,24,1,1,NA,1.20099527838359,NA,NA,0,0,30,"WGSSDS251",FALSE
"327","WGSSDS-PLAICECHW-1975-2006-JENNINGS",327,327,"Celtic-Biscay Shelf",7041.32,NA,NA,31,31,"Pleuronectes platessa",NA,NA,24,1,1,NA,1.37749436525026,NA,NA,0,0,31,"WGSSDS252",FALSE
"328","WGSSDS-SOLECS-1970-2006-JENNINGS",328,328,"Celtic-Biscay Shelf",4435.45,NA,NA,36,36,"Solea vulgaris",NA,NA,24,1,1,NA,1.23566960424359,NA,NA,0,0,36,"WGSSDS253",FALSE
"329","WGSSDS-SOLEVIIe-1968-2006-JENNINGS",329,329,"Celtic-Biscay Shelf",6929.88,NA,NA,38,38,"Solea vulgaris",NA,NA,24,1,1,NA,1.12293484694162,NA,NA,0,0,38,"WGSSDS254",FALSE
"330","WGSSDS-WHITVIIek-1982-2007-JENNINGS",330,330,"Celtic-Biscay Shelf",60728.9,NA,NA,25,25,"Merlangius merlangus",NA,NA,24,1,1,NA,13.4877248861655,NA,NA,0,0,25,"WGSSDS255",FALSE
