"ASSESSID","COMMON","Scientific_name","MGMT","AREA","LME_NAME","LME_NUMBER","NUM_LMEs","BRP_BMSY","BRP_SSBMSY","metric_TOTAL","metric_SSB","firstYR_TOTAL","firstYR_SSB","mean_ut","median_ut","q90_ut","mean_umsy","median_umsy","q90umsy"
"ADFG-HERRPWS-1980-2006-COLLIE","Pacific herring","Clupea harengus","NMFS","Prince William Sound","Gulf of Alaska",2,1,NA,NA,"MT","MT",1980,1980,0.00029822195782635,0.000307712521504992,0.000705908311328354,NA,NA,NA
"ADFG-HERRSITKA-1978-2007-COLLIE","Pacific herring","Clupea harengus","NMFS","Sitka","Gulf of Alaska",2,1,NA,NA,"MT","MT",1978,1978,0.000410122768570935,0.0003613394773799,0.000717846674677971,NA,NA,NA
"AFSC-ALPLAICBSAI-1972-2008-MELNYCHUK","Alaska plaice","Pleuronectes platessa","NMFS","Bering Sea and Aleutian Islands","East Bering Sea",1,1,NA,129300,"MT","MT",1975,1975,0.0115804764289743,0.0110950581132854,0.0162876148827982,NA,NA,NA
"AFSC-ARFLOUNDBSAI-1970-2008-STANTON","Arrowtooth flounder","Reinhardtius stomias","NMFS","Bering Sea and Aleutian Islands","East Bering Sea",1,1,NA,292200,"MT","MT",1976,1976,0.0275306981948609,0.0191648185066867,0.0524764253698567,NA,NA,NA
"AFSC-ARFLOUNDGA-1958-2010-STANTON","Arrowtooth flounder","Reinhardtius stomias","NMFS","Gulf of Alaska","Gulf of Alaska",2,1,NA,428307,"MT","MT",1961,1961,0.00770032727236679,0.00786614012709918,0.013441472798973,NA,NA,NA
"AFSC-ATKABSAI-1976-2009-STANTON","Atka mackerel","Pleurogrammus monopterygius","NMFS","Bering Sea and Aleutian Islands","East Bering Sea",1,1,NA,85500,"MT","MT",1977,1977,0.106000007817119,0.108212209019246,0.155465910169063,NA,NA,NA
"AFSC-CABEZNCAL-1916-2005-STANTON","Cabezon","Scorpaenichthys marmoratus","NMFS","Northern California","California Current",3,1,NA,426,"MT","MT",1945,1945,0.0659536796974995,0.050927707336909,0.123385763052033,0.507335997673073,0.3917515948993,0.949121254246408
"AFSC-CABEZSCAL-1932-2005-STANTON","Cabezon","Scorpaenichthys marmoratus","NMFS","Southern California","California Current",3,1,NA,96,"MT","MT",1945,1945,0.137411654948935,0.0677548698486936,0.364599539359225,1.05701273037642,0.521191306528412,2.80461184122481
"AFSC-DSOLEGA-1978-2010-STANTON","Dover sole","Microstomus pacificus","NMFS","Gulf of Alaska","Gulf of Alaska",2,1,NA,NA,"MT","MT",1984,1984,0.0139025246243713,0.00742857142857143,0.0292860869565217,NA,NA,NA
"AFSC-DUSROCKGA-1973-2008-MELNYCHUK","Dusky rockfish","Sebastes variabilis","NMFS","Gulf of Alaska","Gulf of Alaska",2,1,NA,15511,"MT","MT",1977,1977,0.0362880778996635,0.0373053157760755,0.0572919085434759,NA,NA,NA
"AFSC-FLSOLEBSAI-1977-2008-STANTON","Flathead sole","Solea vulgaris","NMFS","Bering Sea and Aleutian Islands","East Bering Sea",1,1,NA,139188,"MT","MT",1977,1977,0.0188277264040784,0.0178795825505826,0.0256108529304501,NA,NA,NA
"AFSC-FLSOLEGA-1978-2010-Stachura","Flathead sole","Solea vulgaris","NMFS","Gulf of Alaska","Gulf of Alaska",2,1,NA,43661,"MT","MT",1984,1984,0.00628470170476612,0.00702771771181443,0.0096862790243373,NA,NA,NA
"AFSC-GHALBSAI-1960-2009-STANTON","Greenland halibut","Reinhardtius hippoglossoides","NMFS","Bering Sea and Aleutian Islands","East Bering Sea",1,1,NA,38265,"MT","MT",1960,1960,0.0470152051638475,0.0408420517394257,0.0916304870668774,NA,NA,NA
"AFSC-GKINGCRABAIES-1990-2007-JENSEN","Golden king crab","Lithodes aequispinus","NMFS","Aleutian Islands Eastern segment","East Bering Sea",1,1,NA,38018,"no value","MT",NA,1990,NA,NA,NA,NA,NA,NA
"AFSC-GKINGCRABAIWS-1989-2007-JENSEN","Golden king crab","Lithodes aequispinus","NMFS","Aleutian Islands Western segment","East Bering Sea",1,1,NA,42848,"no value","MT",NA,1989,NA,NA,NA,NA,NA,NA
"AFSC-NROCKBSAI-1974-2009-STANTON","Northern rockfish","Sebastes polyspinis","NMFS","Bering Sea and Aleutian Islands","East Bering Sea",1,1,NA,48399,"MT","MT",1977,1977,0.0154473524721586,0.015654504673656,0.0314793003643453,NA,NA,NA
"AFSC-NROCKGA-1959-2008-MELNYCHUK","Northern rockfish","Sebastes polyspinis","NMFS","Gulf of Alaska","Gulf of Alaska",2,1,NA,19500,"MT","MT",1961,1961,0.0324983265395001,0.0308769040757513,0.0516039170178933,NA,NA,NA
"AFSC-NRSOLEEBSAI-1971-2008-STANTON","Northern rock sole","Solea vulgaris","NMFS","Eastern Bering Sea and Aleutian Islands","East Bering Sea",1,1,NA,173320,"MT","MT",1975,1975,0.034793898073661,0.0310125861441655,0.0505032427468226,NA,NA,NA
"AFSC-PCODBSAI-1964-2008-MELNYCHUK","Pacific cod","Gadus macrocephalus","NMFS","Bering Sea and Aleutian Islands","East Bering Sea",1,1,NA,373000,"MT","MT",1977,1977,0.0997830908169269,0.11428167959488,0.14899115165767,NA,NA,NA
"AFSC-PCODGA-1964-2008-MELNYCHUK","Pacific cod","Gadus macrocephalus","NMFS","Gulf of Alaska","Gulf of Alaska",2,1,NA,89400,"MT","MT",1977,1977,0.150609879957639,0.16578229096352,0.221478054068977,NA,NA,NA
"AFSC-PERCHEBSAI-1974-2009-STANTON","Pacific Ocean perch","Sebastes alutus","NMFS","Eastern Bering Sea and Aleutian Islands","East Bering Sea",1,1,NA,107627,"MT","MT",1977,1977,0.0344622549533163,0.0305432108542001,0.0591214229374838,NA,NA,NA
"AFSC-POPERCHGA-1959-2010-Stachura","Pacific ocean perch","Sebastes alutus","NMFS","Gulf of Alaska","Gulf of Alaska",2,1,NA,79664,"MT","MT",1961,1977,0.0967689041065084,0.04208288611526,0.222168777847918,NA,NA,NA
"AFSC-REXSOLEGA-1979-2008-STANTON","Rex sole","Solea vulgaris","NMFS","Gulf of Alaska","Gulf of Alaska",2,1,NA,18877,"MT","MT",1982,1982,0.0277250253633612,0.0305740092688925,0.0467920483908856,NA,NA,NA
"AFSC-REYEROCKBSAI-1974-2009-STANTON","Rougheye rockfish","Sebastes aleutianus","NMFS","Bering Sea and Aleutian Islands","East Bering Sea",1,1,NA,5883,"MT","MT",1977,1977,0.0337246454494175,0.0183307754451335,0.0641170031991,NA,NA,NA
"AFSC-REYEROCKGA-1974-2007-MELNYCHUK","Rougheye rockfish","Sebastes aleutianus","NMFS","Gulf of Alaska","Gulf of Alaska",2,1,NA,8694,"MT","MT",1977,1977,0.0162839466364805,0.0132853979667151,0.0291686038285056,NA,NA,NA
"AFSC-RKCRABBB-1960-2008-JENSEN","Red king crab","Paralithodes camtschaticus","NMFS","Bristol Bay","East Bering Sea",1,1,NA,34070,"MT","MT",1985,1985,0.0955940205530498,0.0896722346389283,0.166363488486371,0.289678850160757,0.271734044360389,0.504131783292033
"AFSC-RKCRABNS-1976-2008-JENSEN","Red king crab","Paralithodes camtschaticus","NMFS","Norton Sound","East Bering Sea",1,1,NA,1617.96,"no value","MT",NA,1976,NA,NA,NA,NA,NA,NA
"AFSC-SABLEFEBSAIGA-1956-2008-MELNYCHUK","Sablefish","Anoplopoma fimbria","NMFS","Eastern Bering Sea / Aleutian Islands / Gulf of Alaska","East Bering Sea",1,2,NA,100730,"MT","MT",1960,1960,0.0660927419878532,0.0624008438818565,0.0950909597746805,NA,NA,NA
"AFSC-SNOWCRABBS-1979-2008-JENSEN","Snow crab","Chionoecetes opilio","NMFS","Bering Sea","East Bering Sea",1,1,NA,418030.728,"MT","MT",1979,1979,0.102750732650485,0.0745422966771811,0.213012995284441,NA,NA,NA
"AFSC-SRAKEROCKBSAI-1977-2008-STANTON","Shortraker rockfish","Sebastes borealis","NMFS","Bering Sea and Aleutian Islands","East Bering Sea",1,1,NA,139188,"MT","no value",1980,NA,0.0115048926551489,0.0088569056185995,0.0231452969839918,NA,NA,NA
"AFSC-WPOLLAI-1976-2008-MELNYCHUK","Walleye pollock","Theragra chalcogramma","NMFS","Aleutian Islands","East Bering Sea",1,NA,NA,98987,"MT","MT",1978,1978,0.0506575315961158,0.0362084677730433,0.119830334028213,NA,NA,NA
"AFSC-WPOLLEBS-1963-2008-MELNYCHUK","Walleye pollock","Theragra chalcogramma","NMFS","Eastern Bering Sea","East Bering Sea",1,NA,NA,1919000,"MT","MT",1964,1964,0.186644169446155,0.15119280653951,0.304656633010517,NA,NA,NA
"AFSC-WPOLLGA-1964-2008-MELNYCHUK","Walleye pollock","Theragra chalcogramma","NMFS","Gulf of Alaska","Gulf of Alaska",2,NA,903000,208000,"MT","MT",1977,1977,0.0802108449412597,0.0709498371335505,0.137310696095076,0.428934999685881,0.379410893762302,0.734281797299874
"AFSC-YSOLEBSAI-1959-2008-MELNYCHUK","Yellowfin sole","Solea vulgaris","NMFS","Bering Sea and Aleutian Islands","East Bering Sea",1,NA,NA,329000,"MT","MT",1964,1964,0.0499928824033996,0.045817657538702,0.0755383907846183,NA,NA,NA
"AFWG-CAPENOR-1965-2007-MINTO","Capelin","Mallotus villosus","ICES","Barents Sea","Barents Sea",20,1,NA,NA,"MT","MT",1972,1973,0.221411086571276,0.163218390804598,0.487525194269632,NA,NA,NA
"AFWG-CODCOASTNOR-1982-2006-MINTO","Atlantic cod","Gadus morhua","ICES","North-East Arctic","Norwegian Sea",21,2,NA,NA,"MT","MT",1984,1984,0.231431104047695,0.240597892673364,0.298897748054023,NA,NA,NA
"AFWG-CODNEAR-1943-2006-MINTO","Atlantic cod","Gadus morhua","ICES","North-East Arctic","Barents Sea",20,2,NA,NA,"MT","MT",1946,1946,0.353138349202478,0.355480606926787,0.46443554767099,NA,NA,NA
"AFWG-GHALNEAR-1959-2007-JENNINGS","Greenland halibut","Reinhardtius hippoglossoides","ICES","North-East Arctic","Barents Sea",20,2,NA,NA,"MT","MT",1964,1964,0.209335130793829,0.202796468233358,0.2860405231617,NA,NA,NA
"AFWG-GOLDREDNEAR-1986-2006-MINTO","Golden Redfish","Sebastes norvegicus","ICES","North-East Arctic","Barents Sea",20,2,NA,NA,"MT","MT",1990,1990,0.13628125472625,0.133923303834808,0.167261598341722,NA,NA,NA
"AFWG-HADNEAR-1947-2006-MINTO","Haddock","Melanogrammus aeglefinus","ICES","North-East Arctic","Barents Sea",20,2,NA,NA,"MT","MT",1950,1950,0.365235341722847,0.355041485087917,0.522235880929629,NA,NA,NA
"AFWG-POLLNEAR-1957-2006-MINTO","Pollock","Pollachius virens","ICES","North-East Arctic","Barents Sea",20,2,NA,NA,"MT","MT",1960,1960,0.267952853583287,0.226726863708882,0.421348493300157,NA,NA,NA
"ASMFC-ATLCROAKMATLC-1973-2002-STANTON","Atlantic croaker","Micropogonias undulatus","NMFS","Mid-Atlantic Coast","Northeast U.S. Continental Shelf",7,1,NA,56467,"no value","MT",NA,1973,NA,NA,NA,NA,NA,NA
"ASMFC-LOBSTERGB-1981-2007-STANTON","American lobster","Homarus americanus","NMFS","Georges Bank","Northeast U.S. Continental Shelf",7,1,NA,NA,"no value","MT",NA,1982,NA,NA,NA,NA,NA,NA
"ASMFC-LOBSTERGOM-1981-2007-STANTON","American lobster","Homarus americanus","NMFS","Gulf of Maine","Northeast U.S. Continental Shelf",7,1,NA,NA,"no value","MT",NA,1982,NA,NA,NA,NA,NA,NA
"ASMFC-LOBSTERSNE-1981-2007-STANTON","American lobster","Homarus americanus","NMFS","Southern New England","Northeast U.S. Continental Shelf",7,1,NA,NA,"no value","MT",NA,1982,NA,NA,NA,NA,NA,NA
"ASMFC-PANDALGOM-1960-2009-IDOINE","Northern shrimp","Pandalus borealis","NMFS","Gulf of Maine","Northeast U.S. Continental Shelf",7,1,NA,NA,"MT","no value",1985,NA,0.313225894780174,0.275079100892244,0.616022073170732,NA,NA,NA
"CCAMLR-ATOOTHFISHRS-1995-2007-JENSEN","Antarctic toothfish","Dissostichus mawsoni","CCAMLR","Ross Sea","Subantarctic High Seas",-96,1,18802.1604,NA,"MT","MT",1995,1995,0.0154383678593262,0.00852641040434255,0.0395437827091555,NA,NA,NA
"CCSBT-SC-SBT-1931-2009-Parma","Southern bluefin tuna","Thunnus maccoyii","CCSBT","Southern Oceans","Indian High Seas",-97,3,NA,277047.0811,"MT","MT",1945,1945,0.0632716627874897,0.0723746131534797,0.097944257414413,NA,NA,NA
"CSIRO-BIGHTREDSE-1958-2007-FULTON","Bight redfish","Centroberyx gerrardi","AFMA","Southeast Australia","Southwest Australian Shelf",43,1,NA,16240.128,"MT","MT",1958,1958,0.00265395577261535,0,0.007280605485789,NA,NA,NA
"CSIRO-BTSHRIMPNAUST-1970-2006-FULTON","Brown tiger shrimp","Penaeus esculentus","AFMA","Northern Australia","North Australian Shelf",39,1,NA,NA,"no value","relative",NA,1970,NA,NA,NA,NA,NA,NA
"CSIRO-DEEPFLATHEADSE-1978-2007-FULTON","Deepwater flathead","Platycephalus conatus","AFMA","Southeast Australia","Southwest Australian Shelf",43,1,NA,3286.512,"MT","MT",1978,1978,0.0618041610555302,0.0439695482590953,0.151585214031098,NA,NA,NA
"CSIRO-GEMFISHSE-1966-2007-FULTON","common gemfish","Rexea solandri","AFMA","Southeast Australia","Southeast Australian Shelf",42,1,NA,5458.32,"MT","MT",1966,1966,0.120523397197679,0.121382344834778,0.219250423331922,NA,NA,NA
"CSIRO-GTPRAWNNAUST-1970-2006-FULTON","Grooved Tiger Prawn","Penaeus semisulcatus","AFMA","Northern Australia","North Australian Shelf",39,1,NA,NA,"no value","relative",NA,1970,NA,NA,NA,NA,NA,NA
"CSIRO-MORWONGSE-1913-2007-FULTON","Jackass morwong","Nemadactylus macropterus","AFMA","Southeast Australia","Southeast Australian Shelf",42,1,NA,11482.608,"MT","MT",1945,1945,0.082121014679911,0.0725361251017221,0.121178021386858,NA,NA,NA
"CSIRO-NZLINGESE-1968-2007-FULTON","Ling","Genypterus blacodes","AFMA","Southeast Australia","Southeast Australian Shelf",42,1,NA,3324.48,"MT","MT",1968,1968,0.0629534865682564,0.0536917226250578,0.140584345206798,NA,NA,NA
"CSIRO-NZLINGWSE-1968-2007-FULTON","Ling","Genypterus blacodes","AFMA","Western half of Southeast Australia","Southwest Australian Shelf",43,1,NA,3377.5632,"MT","MT",1968,1968,0.0230291898915884,0.0109445488133228,0.0599680552810495,NA,NA,NA
"CSIRO-OROUGHYCASCADE-1987-2006-FULTON","Orange roughy","Hoplostethus atlanticus","AFMA","Cascade Plateau","Southeast Australian Shelf",42,1,NA,NA,"MT","MT",1987,1987,0.0107378982117251,0.012459117924144,0.0203405027950002,NA,NA,NA
"CSIRO-OROUGHYSE-1978-2007-FULTON","Orange roughy","Hoplostethus atlanticus","AFMA","Southeast Australia","Southeast Australian Shelf",42,1,NA,8149.26,"MT","MT",1978,1978,0.0469321344997962,0.0124247361337395,0.171310021980236,NA,NA,NA
"CSIRO-PTOOTHFISHMI-1975-2010-FAY","Patagonian toothfish","Dissostichus eleginoides","AFMA","Macquarie Island","Subantarctic High Seas",-96,1,NA,869.707,"MT","MT",1975,1975,0.0150705235954613,0,0.0489767293051035,NA,NA,NA
"CSIRO-SILVERFISHSE-1978-2006-FULTON","Silverfish","Seriolella punctata","AFMA","Southeast Australia","Southeast Australian Shelf",42,1,NA,9927.456,"MT","MT",1978,1978,0.103276576480336,0.0944379130949956,0.213870917608971,NA,NA,NA
"CSIRO-SWHITSE-1945-2007-FULTON","School whiting","Sillago flindersi","AFMA","Southeast Australia","Southeast Australian Shelf",42,NA,NA,3734.3088,"MT","MT",1945,1945,0.0816226864242928,0.0348245761489344,0.202596538581531,NA,NA,NA
"CSIRO-TIGERFLATSE-1913-2006-FULTON","Tiger flathead","Neoplatycephalus richardsoni","AFMA","Southeast Australia","Southeast Australian Shelf",42,NA,NA,5472.868,"MT","MT",1945,1945,0.170524076719165,0.13978270289355,0.278093371056012,NA,NA,NA
"CSIRO-WAREHOUESE-1984-2006-FULTON","Blue Warehou","Seriolella brama","AFMA","Eastern half of Southeast Australia","Southeast Australian Shelf",42,NA,NA,1568.16,"MT","MT",1984,1984,0.164555594033846,0.134029662588061,0.281822509214723,NA,NA,NA
"CSIRO-WAREHOUWSE-1984-2006-FULTON","Blue Warehou","Seriolella brama","AFMA","Western half of Southeast Australia","Southwest Australian Shelf",43,NA,NA,1568.16,"MT","MT",1984,1984,0.217393935420247,0.25641628328871,0.356488274516078,NA,NA,NA
"DFO-COD5Zjm-1978-2003-PREFONTAINE","Atlantic cod","Gadus morhua","DFO","Georges Bank","Northeast U.S. Continental Shelf",7,1,NA,NA,"MT","MT",1978,1978,0.223696920563278,0.189878358160411,0.378838911523885,NA,NA,NA
"DFO-HAD5Zejm-1968-2003-PREFONTAINE","Haddock","Melanogrammus aeglefinus","DFO","Georges Bank","Northeast U.S. Continental Shelf",7,1,NA,NA,"MT","MT",1969,1969,0.237995823626534,0.23959532389739,0.34309898717144,NA,NA,NA
"DFO-HERR4VWX-1964-2006-PREFONTAINE","Herring","Clupea harengus","DFO","Scotian Shelf and Bay of Fundy","Scotian Shelf",8,1,NA,NA,"MT","MT",1965,1965,NA,NA,NA,NA,NA,NA
"DFO-MAR-COD4VsW-1958-2002-PREFONTAINE","Atlantic cod","Gadus morhua","DFO","Eastern Scotian Shelf","Scotian Shelf",8,1,NA,NA,"no value","MT",NA,1970,NA,NA,NA,NA,NA,NA
"DFO-MAR-CUSK4X-1970-2007-RICARD","Cusk","Brosme brosme","DFO","Western Scotian Shelf","Northeast U.S. Continental Shelf",7,1,25790,NA,"MT","no value",1970,NA,NA,NA,NA,NA,NA,NA
"DFO-MAR-HAD4X5Y-1960-2003-PREFONTAINE","Haddock","Melanogrammus aeglefinus","DFO","Western Scotian Shelf, Bay of Fundy and Gulf of Maine","Northeast U.S. Continental Shelf",7,2,NA,NA,"MT","MT",1970,1970,0.254306034975669,0.285020006847067,0.348445822662207,NA,NA,NA
"DFO-NFLD-COD2J3KL-1850-2005-RICARD","Atlantic cod","Gadus morhua","DFO","Southern Labrador-Eastern Newfoundland","Newfoundland-Labrador Shelf",9,1,NA,NA,"no value","MT",NA,1962,NA,NA,NA,NA,NA,NA
"DFO-NFLD-COD2J3KLIS-1959-2006-PREFONTAINE","Atlantic cod","Gadus morhua","DFO","Southern Labrador-Eastern Newfoundland","Newfoundland-Labrador Shelf",9,1,NA,NA,"MT","MT",1995,1995,0.117155192202695,0.0518904751282623,0.268491460484447,NA,NA,NA
"DFO-NFLD-COD3Ps-1959-2004-PREFONTAINE","Atlantic cod","Gadus morhua","DFO","St. Pierre Bank","Newfoundland-Labrador Shelf",9,1,NA,NA,"MT","MT",1977,1977,0.264372452844976,0.279917317619271,0.435351314967975,NA,NA,NA
"DFO-PAC-ESOLEHS-1944-2001-COLLIE","English sole","Solea vulgaris","DFO","Hecate Strait","Gulf of Alaska",2,1,NA,NA,"MT","no value",1945,NA,0.259093724930371,0.216262975778547,0.440612430258207,NA,NA,NA
"DFO-PAC-HERRCC-1951-2007-COLLIE","Pacific herring","Clupea harengus","DFO","Central Coast","Gulf of Alaska",2,1,NA,NA,"MT","MT",1951,1951,0.288246174071986,0.187632994473153,0.719583403436393,NA,NA,NA
"DFO-PAC-HERRPRD-1951-2007-COLLIE","Pacific herring","Clupea harengus","DFO","Prince Rupert District","Gulf of Alaska",2,1,NA,NA,"MT","MT",1951,1951,0.232353999367174,0.158975522825049,0.527893411274744,NA,NA,NA
"DFO-PAC-HERRQCI-1951-2007-COLLIE","Pacific herring","Clupea harengus","DFO","Queen Charlotte Islands","Gulf of Alaska",2,1,NA,NA,"MT","MT",1951,1951,0.239058179577983,0.157661315510026,0.586719852537393,NA,NA,NA
"DFO-PAC-HERRSOG-1951-2007-COLLIE","Pacific herring","Clupea harengus","DFO","Straight of Georgia","Gulf of Alaska",2,1,NA,NA,"MT","MT",1951,1951,0.28308578975622,0.169890112547197,0.701771755668133,NA,NA,NA
"DFO-PAC-HERRWCVANI-1951-2007-COLLIE","Pacific herring","Clupea harengus","DFO","West Coast of Vancouver Island","Gulf of Alaska",2,1,NA,NA,"MT","MT",1951,1951,0.225271689724242,0.165025350461731,0.595356438921476,NA,NA,NA
"DFO-PAC-PCODHS-1956-2005-COLLIE","Pacific cod","Gadus macrocephalus","DFO","Hecate Strait","Gulf of Alaska",2,1,8861,NA,"MT","no value",1956,NA,0.145497938513687,0.134458872710382,0.220441961178458,NA,NA,NA
"DFO-PAC-PCODWCVANI-1956-2002-COLLIE","Pacific cod","Gadus macrocephalus","DFO","West Coast of Vancouver Island","Gulf of Alaska",2,1,6731,NA,"MT","no value",1956,NA,0.157604550683769,0.134940964124176,0.259465826775508,NA,NA,NA
"DFO-PAC-RSOLEHSTR-1945-2001-COLLIE","Rock sole","Solea vulgaris","DFO","Hecate Strait","Gulf of Alaska",2,1,NA,NA,"MT","MT",1945,1945,0.262518351805469,0.251562075522956,0.483323948653501,NA,NA,NA
"DFO-PAC-SABLEFPCAN-1913-2004-STANTON","Sablefish","Anoplopoma fimbria","DFO","Pacific Coast of Canada","Gulf of Alaska",2,1,NA,56381,"no value","MT",NA,1980,NA,NA,NA,NA,NA,NA
"DFO-POLL4X5YZ-1980-2006-PREFONTAINE","Pollock","Pollachius virens","DFO","Western Scotian Shelf, Bay of Fundy, Gulf of Maine and Georges Bank","Northeast U.S. Continental Shelf",7,2,NA,NA,"MT","MT",1982,1982,0.341619984210689,0.320442425439463,0.460804541646822,NA,NA,NA
"DFO-QUE-COD3Pn4RS-1964-2007-PREFONTAINE","Atlantic cod","Gadus morhua","DFO","Northern Gulf of St. Lawrence","Newfoundland-Labrador Shelf",9,1,NA,NA,"MT","MT",1974,1974,0.161301555937214,0.170665299977578,0.221459442860952,NA,NA,NA
"DFO-QUE-HERR4RFA-1971-2003-PREFONTAINE","Herring","Clupea harengus","DFO","NAFO division 4R","Newfoundland-Labrador Shelf",9,1,NA,NA,"no value","MT",NA,1973,NA,NA,NA,NA,NA,NA
"DFO-QUE-HERR4RSP-1963-2004-PREFONTAINE","Herring","Clupea harengus","DFO","NAFO division 4R","Newfoundland-Labrador Shelf",9,1,NA,NA,"MT","MT",1965,1965,0.000117831583711762,0.000120386219019004,0.000209222199109268,NA,NA,NA
"DFO-SG-COD4TVn-1965-2009-RICARD","Atlantic cod","Gadus morhua","DFO","Southern Gulf of St. Lawrence","Scotian Shelf",8,1,NA,NA,"MT","MT",1971,1971,0.140443555603571,0.128337790499761,0.331583227223743,NA,NA,NA
"DFO-SG-HERR4TFA-1974-2007-PREFONTAINE","Herring","Clupea harengus","DFO","Southern Gulf of St. Lawrence","Scotian Shelf",8,1,NA,NA,"MT","MT",1978,1978,0.000389495056725063,0.000300961405838717,0.000625170904180464,NA,NA,NA
"DFO-SG-HERR4TSP-1974-2007-PREFONTAINE","Herring","Clupea harengus","DFO","Southern Gulf of St. Lawrence","Scotian Shelf",8,1,NA,NA,"MT","MT",1978,1978,0.000581508839155911,0.000463802215677321,0.00140141600798771,NA,NA,NA
"HAWG-HERR2224IIIa-1991-2006-MINTO","Herring","Clupea harengus","ICES","22-24-IIIa","North Sea",22,2,NA,NA,"MT","MT",1991,1991,0.377591005166969,0.365704698542182,0.472636609275162,NA,NA,NA
"HAWG-HERRNIRS-1960-2006-JENNINGS","Herring","Clupea harengus","ICES","Irish Sea","Celtic-Biscay Shelf",24,1,NA,NA,"MT","MT",1961,1961,0.228025650151419,0.216512788950047,0.364211324368541,NA,NA,NA
"HAWG-HERRNS-1960-2007-MINTO","Herring","Clupea harengus","ICES","North Sea","North Sea",22,1,NA,NA,"MT","MT",1960,1960,0.217562614369087,0.201062353958062,0.307121227714713,NA,NA,NA
"HAWG-HERRVIa-1957-2006-MINTO","Herring","Clupea harengus","ICES","West of Scotland","Celtic-Biscay Shelf",24,1,NA,NA,"MT","MT",1958,1958,0.147003004465199,0.13108103140909,0.252621728982974,NA,NA,NA
"HAWG-HERRVIaVIIbc-1969-2000-MINTO","Herring","Clupea harengus","ICES","VIa, VIIb and VIIc","Celtic-Biscay Shelf",24,1,NA,NA,"MT","MT",1970,1970,0.128278990046567,0.125888641705963,0.189117591097364,NA,NA,NA
"HAWG-SPRATNS-1995-2007-MINTO","Sprat","Sprattus sprattus","ICES","North Sea","North Sea",22,1,NA,NA,"relative","no value",1996,NA,NA,NA,NA,NA,NA,NA
"IATTC-BIGEYEEPAC-1975-2007-JENSEN","Bigeye tuna","Thunnus obesus","IATTC","Eastern Pacific","Pacific High Seas",-99,1,313767,NA,"MT","relative",1975,1975,NA,NA,NA,NA,NA,NA
"IATTC-YFINEPAC-1975-2007-JENSEN","Yellowfin tuna","Thunnus albacares","IATTC","Northeast Pacific","Pacific High Seas",-99,NA,417813,NA,"MT","relative",1975,1975,NA,NA,NA,NA,NA,NA
"ICCAT-ALBANATL-1929-2005-WORM","Albacore tuna","Thunnus alalunga","ICCAT","Northern Atlantic","Atlantic High Seas",-98,1,167000,NA,"MT","MT",1945,1945,0.255386471011613,0.252396357660019,0.369637977867203,NA,NA,NA
"ICCAT-ATBTUNAEATL-1969-2007-WORM","Atlantic bluefin tuna","Thunnus thynnus","ICCAT","Eastern Atlantic","Atlantic High Seas",-98,2,495914.5,NA,"MT","MT",1970,1970,0.141478120633494,0.156195448927309,0.202107689525659,NA,NA,NA
"ICCAT-ATBTUNAWATL-1969-2007-WORM","Atlantic bluefin tuna","Thunnus thynnus","ICCAT","Western Atlantic","Atlantic High Seas",-98,1,15148,15148,"no value","MT",NA,1970,NA,NA,NA,NA,NA,NA
"ICCAT-BIGEYEATL-1950-2005-JENSEN","Bigeye tuna","Thunnus obesus","ICCAT","Atlantic","Atlantic High Seas",-98,1,451800,NA,"MT","MT",1950,1975,0.0968345960628413,0.0768338330183845,0.237220806117083,NA,NA,NA
"ICCAT-SKJEATL-1950-2006-JENSEN","Skipjack tuna","Katsuwonus pelamis","ICCAT","Eastern Atlantic","Atlantic High Seas",-98,1,384159,NA,"MT","no value",1950,NA,0.111686876695299,0.130743789245949,0.20824273719287,NA,NA,NA
"ICCAT-SKJWATL-1952-2006-JENSEN","Skipjack tuna","Katsuwonus pelamis","ICCAT","Western Atlantic","Atlantic High Seas",-98,1,100052,NA,"MT","no value",1952,NA,0.0910862362957857,0.0378591372089416,0.192340719838045,NA,NA,NA
"ICCAT-SWORDMED-1968-2006-JENSEN","Swordfish","Xiphias gladius","ICCAT","Mediterranean Sea","Mediterranean Sea",26,NA,117300,NA,"MT","no value",1968,NA,0.0736203001069951,0.0912387387387387,0.123505573770492,0.711307247410581,0.881533707620664,1.19329056783084
"ICCAT-SWORDNATL-1978-2007-JENSEN","Swordfish","Xiphias gladius","ICCAT","Northern Atlantic","Atlantic High Seas",-98,NA,47399,NA,"MT","MT",1978,1978,0.366272084919849,0.378992883524007,0.432952706003312,NA,NA,NA
"ICCAT-SWORDSATL-1970-2005-JENSEN","Swordfish","Xiphias gladius","ICCAT","South Atlantic","Atlantic High Seas",-98,NA,46690,NA,"MT","no value",1970,NA,0.126183835379008,0.107060260001436,0.242279217061924,NA,NA,NA
"ICCAT-YFINATL-1970-2006-JENSEN","Yellowfin tuna","Thunnus albacares","ICCAT","Atlantic","Atlantic High Seas",-98,NA,NA,173191.0079,"MT","MT",1970,1970,0.274878682611848,0.292561428571429,0.352156395203381,NA,NA,NA
"IMARM-SFMAKONWPAC-1990-2003-FAUCONNET","Shortfin mako","Isurus oxyrinchus","UNKNOWN","Nothwest Pacific Ocean","Pacific High Seas",-99,3,NA,NA,"no value","no value",NA,NA,NA,NA,NA,NA,NA,NA
"IMARPE-PANCHPERUNC-1963-2004-RICARD","Peruvian anchoveta","Engraulis ringens","IMARPE","North-Central Peruvian coast","Humboldt Current",13,1,NA,NA,"no value","MT",NA,1963,NA,NA,NA,NA,NA,NA
"INIDEP-ARGANCHONARG-1989-2007-Parma","Argentine anchoita","Engraulis anchoita","CFP","Northern Argentina","Patagonian Shelf",14,1,1047948.41,748152,"MT","MT",1990,1990,0.0129320288581247,0.0104762592413326,0.0226439208647439,NA,NA,NA
"INIDEP-ARGANCHOSARG-1992-2007-Parma","Argentine anchoita","Engraulis anchoita","CFP","Southern Argentina","Patagonian Shelf",14,1,733418.85,298839,"MT","MT",1993,1993,0.00254762744074708,0.00195683215113392,0.00547832161218395,NA,NA,NA
"INIDEP-ARGHAKENARG-1985-2007-Parma","Argentine hake","Merluccius hubbsi","CFP","Northern Argentina","Patagonian Shelf",14,1,602198,429200,"MT","MT",1986,1986,0.571049121583475,0.56739081593056,0.7893975579975,2.02981950585958,2.01681589567611,2.80594873635055
"INIDEP-ARGHAKESARG-1985-2008-Parma","Argentine hake","Merluccius hubbsi","CFP","Southern Argentina","Patagonian Shelf",14,1,1001788.06,701328.02,"MT","MT",1986,1986,0.539096510737221,0.58914971328661,0.685891390189773,1.94493293432867,2.12551307196266,2.4745342022865
"INIDEP-PATGRENADIERSARG-1983-2006-Parma","Patagonian grenadier","Macruronus magellanicus","CFP","Southern Argentina","Patagonian Shelf",14,1,642031,372542,"MT","MT",1985,1985,0.0706762402487507,0.0752223208945429,0.106992188442744,0.343421964279644,0.365511763335971,0.519884297583792
"INIDEP-SBWHITARGS-1985-2007-Parma","Southern blue whiting","Micromesistius australis","CFP","Southern Argentina","Patagonian Shelf",14,1,NA,NA,"MT","MT",1987,1987,0.0930065066690477,0.0944548923043619,0.103857579847913,NA,NA,NA
"IOTC-BIGEYEIO-1957-2006-JENSEN","Bigeye tuna","Thunnus obesus","IOTC","Indian Ocean","Indian High Seas",-97,1,NA,350000,"no value","MT",NA,1960,NA,NA,NA,NA,NA,NA
"IPHC-PHALNPAC-1988-2009-Parma","Pacific halibut","Hippoglossus stenolepis","IPHC","North Pacific","Gulf of Alaska",2,2,NA,NA,"MT","MT",1996,1996,0.200292803374888,0.203344920396795,0.253531730217962,NA,NA,NA
"MARAM-ANCHOSA-1984-2006-deMoor","Anchovy","Engraulis encrasicolus","DETMCM","South Africa","Benguela Current",29,2,NA,NA,"MT","MT",1984,1984,0.181381257784912,0.123910273062489,0.366454476269639,NA,NA,NA
"MARAM-CHAKESA-1917-2008-DEDECKER","Shallow-water cape hake","Merluccius merluccius","DETMCM","South Africa","Benguela Current",29,2,NA,218000,"MT","MT",1945,1945,0.0753126665313287,0.0673505547733991,0.115215633955204,NA,NA,NA
"MARAM-CRLOBSTERSA12-1910-2008-Johnston","South African west coast rock lobster","Jasus lalandii","DETMCM","South Africa Areas 1-2","Benguela Current",29,1,NA,NA,"MT","MT",1945,1945,0.0395317407844513,0.0337623971301962,0.0639993132468068,NA,NA,NA
"MARAM-CRLOBSTERSA34-1910-2008-Johnston","South African west coast rock lobster","Jasus lalandii","DETMCM","South Africa Areas 3-4","Benguela Current",29,1,NA,NA,"MT","MT",1945,1945,0.0748505025209886,0.0764392482609073,0.127568272391428,NA,NA,NA
"MARAM-CRLOBSTERSA56-1910-2008-Johnston","South African west coast rock lobster","Jasus lalandii","DETMCM","South Africa Areas 5-6","Benguela Current",29,1,NA,NA,"MT","MT",1945,1945,0.0806588540107216,0.0659033729284197,0.144613921051966,NA,NA,NA
"MARAM-CRLOBSTERSA7-1910-2008-Johnston","South African west coast rock lobster","Jasus lalandii","DETMCM","South Africa Area 7","Benguela Current",29,1,NA,NA,"MT","MT",1945,1945,0.0810414821860707,0.0756305692616669,0.138858363622639,NA,NA,NA
"MARAM-CRLOBSTERSA8-1910-2008-Johnston","South African west coast rock lobster","Jasus lalandii","DETMCM","South Africa Area 8","Benguela Current",29,1,NA,NA,"MT","MT",1945,1945,0.110970285524716,0.104081414118973,0.176257488731561,NA,NA,NA
"MARAM-CTRACSA-1950-2007-Johnston","Cape horse mackerel","Trachurus trachurus","DETMCM","South Africa South coast","Agulhas Current",30,1,NA,NA,"MT","MT",1950,1950,0.0701950763125442,0.0627507480932255,0.119245935364538,NA,NA,NA
"MARAM-DEEPCHAKESA-1917-2008-DEDECKER","Deep-water cape hake","Merluccius paradoxus","DETMCM","South Africa","Benguela Current",29,2,NA,321000,"MT","MT",1945,1945,0.314003605087663,0.359277489491857,0.566568909095132,NA,NA,NA
"MARAM-KINGKLIPSA-1932-2008-DEDECKER","Kingklip","Genypterus capensis","DETMCM","South Africa","Benguela Current",29,2,NA,66828,"MT","MT",1945,1945,0.033848712969272,0.0295338259781897,0.0599898968233933,NA,NA,NA
"MARAM-PTOOTHFISHPEI-1960-2008-DEDECKER","Patagonian toothfish","Dissostichus eleginoides","DETMCM","South Africa Subantarctic Prince Edward Islands","Subantarctic High Seas",-96,1,NA,5678,"MT","MT",1960,1960,0.0301691062299434,0,0.0889491791819357,NA,NA,NA
"MARAM-SAABALONESA-1951-2008-PLAGANYI","South African abalone","Haliotis midae","DETMCM","South Africa","Benguela Current",29,1,NA,NA,"MT","MT",1951,1951,0.0377637456608534,0.0349144605403957,0.0654575470665556,NA,NA,NA
"MARAM-SARDSA-1984-2006-deMoor","Sardine","Sardinops sagax","DETMCM","South Africa","Benguela Current",29,2,NA,NA,"MT","MT",1984,1984,0.115659584919536,0.114217303701387,0.184157977231206,NA,NA,NA
"MARAM-SSLOBSTERSASC-1973-2008-Johnston","Southern spiny lobster","Palinurus gilchristi","DETMCM","South Africa South coast","Agulhas Current",30,1,NA,NA,"MT","MT",1973,1973,0.617782506144593,0.634866011875141,0.874150209639173,NA,NA,NA
"NAFO-SC-AMPL3LNO-1955-2007-BAUM","American Plaice","Hippoglossoides platessoides","NAFO","Grand Banks","Newfoundland-Labrador Shelf",9,1,NA,NA,"MT","MT",1960,1960,0.124762864093012,0.125143943331084,0.194153409232913,NA,NA,NA
"NAFO-SC-AMPL3M-1960-2007-BAUM","American Plaice","Hippoglossoides platessoides","NAFO","Flemish Cap","Newfoundland-Labrador Shelf",9,1,NA,NA,"MT","MT",1988,1988,0.0911207377652534,0.0571578298047095,0.215783075374601,NA,NA,NA
"NAFO-SC-COD3M-1959-2008-BAUM","Atlantic cod","Gadus morhua","NAFO","Flemish Cap","Newfoundland-Labrador Shelf",9,1,NA,NA,"MT","MT",1988,1988,144.466440303777,55.6263799231738,379.980592524573,NA,NA,NA
"NAFO-SC-COD3NO-1953-2007-BAUM","Atlantic cod","Gadus morhua","NAFO","Southern Grand Banks","Newfoundland-Labrador Shelf",9,1,NA,NA,"MT","MT",1959,1959,0.329435692373315,0.31064943861643,0.581084406531998,NA,NA,NA
"NAFO-SC-GHAL23KLMNO-1960-2006-PREFONTAINE","Greenland halibut","Reinhardtius hippoglossoides","NAFO","Labrador Shelf - Grand Banks","Newfoundland-Labrador Shelf",9,1,NA,NA,"MT","MT",1975,1975,0.256132140194853,0.234256601862571,0.345583613586833,NA,NA,NA
"NAFO-SC-REDFISHSPP3LN-1959-2008-BAUM","Redfish species","Redfish species","NAFO","N and SW Grand Banks","Newfoundland-Labrador Shelf",9,1,141900,NA,"MT","no value",1959,NA,0.13017058922577,0.107916666666667,0.347823425615825,NA,NA,NA
"NAFO-SC-REDFISHSPP3M-1985-2006-PREFONTAINE","Redfish species","Redfish species","NAFO","Flemish Cap","Newfoundland-Labrador Shelf",9,1,NA,NA,"MT","MT",1989,1989,0.213430310691231,0.108551582925451,0.450165634629168,NA,NA,NA
"NAFO-SC-YELL3LNO-1960-2009-BAUM","Yellowtail Flounder","Limanda ferruginea","NAFO","Grand Banks","Northeast U.S. Continental Shelf",7,NA,73580,NA,"MT","no value",1965,NA,0.261559492603318,0.230463386727689,0.501189318213902,NA,NA,NA
"NEFSC-ACADREDGOMGB-1913-2007-MILLER","Acadian redfish","Sebastes fasciatus","NMFS","Gulf of Maine / Georges Bank","Northeast U.S. Continental Shelf",7,1,NA,271000,"no value","MT",NA,1945,NA,NA,NA,NA,NA,NA
"NEFSC-AMPL5YZ-1960-2008-OBRIEN","American Plaice","Hippoglossoides platessoides","NMFS","Gulf of Maine / Georges Bank","Northeast U.S. Continental Shelf",7,1,NA,22243,"MT","MT",1980,1980,0.311628605450358,0.314470219758411,0.40905497232422,NA,NA,NA
"NEFSC-ATHAL5YZ-1800-2007-COL","Atlantic Halibut","Hippoglossus hippoglossus","NMFS","Gulf of Maine / Georges Bank","Northeast U.S. Continental Shelf",7,1,49000,49000,"MT","no value",1945,NA,0.136536795624501,0.131956862888216,0.230390014705312,NA,NA,NA
"NEFSC-BLUEFISHATLC-1981-2007-SHEPHERD","Bluefish","Pomatomus saltatrix","NMFS","Atlantic Coast","Northeast U.S. Continental Shelf",7,1,147052,NA,"MT","MT",1982,1982,0.130050089518972,0.123609382683297,0.193863323878323,NA,NA,NA
"NEFSC-BSBASSMATLC-1968-2007-SHEPHERD","Black sea bass","Centropristis striata","NMFS","Mid-Atlantic Coast","Northeast U.S. Continental Shelf",7,1,12892.3,12537,"MT","MT",1968,1968,0.31161059689828,0.293123695345455,0.462330381659828,NA,NA,NA
"NEFSC-BUTTERGOMCHATT-1965-2005-OVERHOLTZ","Atlantic butterfish","Peprilus triacanthus","NMFS","Gulf of Maine / Cape Hatteras","Northeast U.S. Continental Shelf",7,1,22798,NA,"no value","MT",NA,1968,NA,NA,NA,NA,NA,NA
"NEFSC-CODGB-1960-2008-BAUM","Atlantic cod","Gadus morhua","NMFS","Georges Bank","Northeast U.S. Continental Shelf",7,1,NA,148084,"MT","MT",1978,1978,0.37928094487882,0.374164708495902,0.495007476411312,NA,NA,NA
"NEFSC-CODGOM-1893-2008-BAUM","Atlantic cod","Gadus morhua","NMFS","Gulf of Maine","Northeast U.S. Continental Shelf",7,1,82830,NA,"MT","MT",1982,1982,0.290412322213212,0.317231366900842,0.418577698675741,NA,NA,NA
"NEFSC-HAD5Y-1956-2008-BAUM","Haddock","Melanogrammus aeglefinus","NMFS","Gulf of Maine","Northeast U.S. Continental Shelf",7,1,NA,5900,"MT","MT",1977,1977,0.255579542023106,0.193973941368078,0.484276284771334,NA,NA,NA
"NEFSC-HADGB-1930-2008-BAUM","Haddock","Melanogrammus aeglefinus","NMFS","Georges Bank","Northeast U.S. Continental Shelf",7,1,NA,158873,"MT","MT",1945,1945,7.17917335435112e-05,6.31965686045376e-05,0.000134258499054425,NA,NA,NA
"NEFSC-HERRNWATLC-1960-2005-OVERHOLTZ","Herring","Clupea harengus","NMFS","Northwestern Atlantic Coast","Northeast U.S. Continental Shelf",7,1,NA,629000,"no value","MT",NA,1967,NA,NA,NA,NA,NA,NA
"NEFSC-ILLEXNWATLC-1967-2005-HENDRICKSON","Northern shortfin squid","Illex illecebrosus","NMFS",NA,"Northeast U.S. Continental Shelf",7,3,NA,NA,"no value","no value",1967,NA,18743.1972914227,15287.5,48624,NA,NA,NA
"NEFSC-MACKGOMCHATT-1960-2005-OVERHOLTZ","Mackerel","Scomber scombrus","NMFS","Gulf of Maine / Cape Hatteras","Northeast U.S. Continental Shelf",7,1,NA,644000,"no value","MT",NA,1962,NA,NA,NA,NA,NA,NA
"NEFSC-MONKGOMNGB-1964-2006-RICHARDS","Monkfish","Lophius piscatorius","NMFS","Gulf of Maine / Northern Georges Bank","Northeast U.S. Continental Shelf",7,1,49000,49000,"MT","no value",1980,NA,0.106104467340864,0.0988659519801542,0.170879302561394,NA,NA,NA
"NEFSC-MONKSGBMATL-1964-2006-RICHARDS","Monkfish","Lophius piscatorius","NMFS","Southern Georges Bank / Mid-Atlantic","Northeast U.S. Continental Shelf",7,1,NA,NA,"MT","no value",1980,NA,0.096199524212372,0.0873264848270162,0.176129698791864,NA,NA,NA
"NEFSC-POLL5YZ-1963-2007-MAYO","Pollock","Pollachius virens","NMFS","Gulf of Maine / Georges Bank","Northeast U.S. Continental Shelf",7,1,NA,NA,"relative","no value",1964,NA,8484.79557459296,5474.04245745517,17257.357599405,1501.73373001645,968.857072115959,3054.39957511593
"NEFSC-QUAHATLC-1978-2008-CHUTE","Ocean quahog","Arctica islandica","NMFS","Atlantic Coast","Northeast U.S. Continental Shelf",7,1,NA,NA,"MT","no value",1978,NA,0.00862232384832327,0.00921652267818574,0.0100610104861773,NA,NA,NA
"NEFSC-SCALLGB-1964-2006-HART","Sea scallop","Placopecten magellanicus","NMFS",NA,"Northeast U.S. Continental Shelf",7,1,NA,NA,"no value","no value",1982,NA,0.258525735711728,0.213283650227646,0.486504764622159,NA,NA,NA
"NEFSC-SCALLMATLC-1964-2006-HART","Sea scallop","Placopecten magellanicus","NMFS",NA,"Northeast U.S. Continental Shelf",7,1,NA,NA,"no value","no value",1975,NA,0.322558774690595,0.315890857971233,0.480045763124145,NA,NA,NA
"NEFSC-SCUPNWATLC-1960-2007-TERCEIRO","Scup","Stenotomus chrysops","NMFS","Northwestern Atlantic Coast","Northeast U.S. Continental Shelf",7,1,92044,NA,"no value","MT",NA,1984,NA,NA,NA,NA,NA,NA
"NEFSC-SDOGATLC-1962-2006-SOSEBEE","Spiny dogfish","Squalus acanthias","NMFS","Atlantic Coast","Northeast U.S. Continental Shelf",7,2,NA,NA,"MT","MT",1990,1990,0.0476034996220059,0.0541695905659311,0.0650103959122253,NA,NA,NA
"NEFSC-SFLOUNMATLC-1940-2007-BAUM","Summer flounder","Platichthys flesus","NMFS","Mid-Atlantic Coast","Northeast U.S. Continental Shelf",7,2,NA,60074,"MT","MT",1982,1982,322.880860694126,289.675034669493,402.598331172848,NA,NA,NA
"NEFSC-SHAKEGOMNGB-1955-2005-COL","Silver Hake","Merluccius bilinearis","NMFS","Gulf of Maine / Georges Bank","Northeast U.S. Continental Shelf",7,1,NA,NA,"relative","no value",1963,NA,3566.8924542144,826.570397111913,11075.1554928157,1387.89589658148,321.622722611639,4309.39902444191
"NEFSC-SHAKESGBMATL-1955-2005-COL","Silver Hake","Merluccius bilinearis","NMFS","Southern Georges Bank / Mid-Atlantic","Northeast U.S. Continental Shelf",7,1,NA,NA,"relative","no value",1963,NA,22704.3063937488,11459.2988505747,53931.0175298805,660.200825639685,333.216017754426,1568.21801482642
"NEFSC-STRIPEDBASSGOMCHATT-1982-2006-SHEPHERD","Striped bass","Morone saxatilis","NMFS","Gulf of Maine / Cape Hatteras","Northeast U.S. Continental Shelf",7,NA,NA,NA,"no value","MT",NA,1982,NA,NA,NA,NA,NA,NA
"NEFSC-SURFMATLC-1965-2008-JACOBSON","Atlantic surfclam","Spisula solidissima","NMFS","Mid-Atlantic Coast","Northeast U.S. Continental Shelf",7,NA,9e+05,NA,"MT","no value",1981,NA,0.0246483937291735,0.0247668952007835,0.0285549869393155,NA,NA,NA
"NEFSC-TILEMATLC-1973-2008-NITSCHKE","Tilefish","Lopholatilus chamaeleonticeps","NMFS","Mid-Atlantic Coast","Northeast U.S. Continental Shelf",7,NA,NA,NA,"MT","no value",1973,NA,0.282954475291632,0.297174735249622,0.466503482754747,NA,NA,NA
"NEFSC-WEAKFISHATLC-1981-2008-STANTON","Weakfish","Cynoscion regalis","NMFS","Atlantic Coast","Northeast U.S. Continental Shelf",7,NA,NA,10179,"no value","MT",NA,1981,NA,NA,NA,NA,NA,NA
"NEFSC-WHAKEGBGOM-1963-2007-SOSEBEE","White hake","Urophycis tenuis","NMFS","Gulf of Maine / Georges Bank","Northeast U.S. Continental Shelf",7,NA,NA,56300,"MT","MT",1963,1963,0.172210160732962,0.166687318384827,0.269225938365959,NA,NA,NA
"NEFSC-WINDOWGOMGB-1975-2007-HENDRICKSON","Windowpane","Scophthalmus aquosus","NMFS","Gulf of Maine / Georges Bank","Northeast U.S. Continental Shelf",7,NA,NA,NA,"relative","no value",1975,NA,2383.33337605573,1444.21276595745,4141.17976671942,4766.66675211145,2888.42553191489,8282.35953343884
"NEFSC-WINDOWSNEMATL-1975-2007-HENDRICKSON","Windowpane","Scophthalmus aquosus","NMFS","Southern New England /Mid Atlantic","Northeast U.S. Continental Shelf",7,NA,NA,NA,"relative","no value",1975,NA,4649.28190271857,2297.8947368421,10189.0057417671,3162.77680457046,1563.19369853204,6931.29642297082
"NEFSC-WINFLOUN5Z-1982-2007-HENDRICKSON","Winter Flounder","Pseudopleuronectes americanus","NMFS","Georges Bank","Northeast U.S. Continental Shelf",7,NA,NA,16000,"MT","MT",1982,1982,0.253617440723129,0.242828382838284,0.394012430867307,NA,NA,NA
"NEFSC-WINFLOUND5Y-1982-2008-NITSCHKE","Winter Flounder","Pseudopleuronectes americanus","NMFS","Gulf of Maine","Northeast U.S. Continental Shelf",7,NA,NA,NA,"no value","no value",NA,NA,NA,NA,NA,NA,NA,NA
"NEFSC-WINFLOUNSNEMATL-1940-2007-TERCEIRO","Winter Flounder","Pseudopleuronectes americanus","NMFS","Southern New England /Mid Atlantic","Northeast U.S. Continental Shelf",7,NA,NA,38761,"MT","MT",1981,1981,0.434986906479238,0.442109178833814,0.575031697857728,NA,NA,NA
"NEFSC-WITFLOUN5Y-1982-2008-WIGLEY","Witch Flounder","Platichthys flesus","NMFS","Gulf of Maine","Northeast U.S. Continental Shelf",7,NA,NA,11447,"no value","MT",NA,1982,NA,NA,NA,NA,NA,NA
"NEFSC-YELLCCODGOM-1935-2008-LEGAULT","Yellowtail flounder","Limanda ferruginea","NMFS","Cape Cod / Gulf of Maine","Northeast U.S. Continental Shelf",7,1,NA,7790,"MT","MT",1985,1985,197.600212883494,195.989499308287,284.663017712091,NA,NA,NA
"NEFSC-YELLGB-1935-2008-BAUM","Yellowtail flounder","Limanda ferruginea","NMFS","Georges Bank","Northeast U.S. Continental Shelf",7,NA,NA,43200,"MT","MT",1973,1973,0.471977729108579,0.498474834773767,0.684972962689296,NA,NA,NA
"NEFSC-YELLSNEMATL-1935-2008-BAUM","Yellowtail Flounder","Limanda ferruginea","NMFS","Southern New England /Mid Atlantic","Northeast U.S. Continental Shelf",7,NA,NA,27400,"MT","MT",1973,1973,236.197261957275,234.918803967492,423.130258221636,NA,NA,NA
"NIWA-AUSSALMONNZ-1975-2006-JENSEN","Australian salmon","Arripis trutta","MFish","New Zealand","New Zealand Shelf",46,1,NA,12280.72932,"MT","MT",1975,1975,0.102880427904263,0.11247011356844,0.146466977415966,NA,NA,NA
"NIWA-OROUGHYNZMEC-1981-2004-JENSEN","Orange roughy","Hoplostethus atlanticus","MFish","New Zealand Mid East Coast","New Zealand Shelf",46,1,NA,20213.00407,"MT","MT",1981,1981,0.0288500897543959,0.0256617293960807,0.0564253283044069,NA,NA,NA
"NMFS-MENATLAN-1940-2005-STANTON","Atlantic menhaden","Brevoortia tyrannus","NMFS","Atlantic","Northeast U.S. Continental Shelf",7,3,NA,NA,"MT","no value",1955,NA,0.345937832837344,0.333044713250275,0.466872558525448,NA,NA,NA
"NWFSC-ARFLOUNDPCOAST-1916-2007-BRANCH","Arrowtooth flounder","Reinhardtius stomias","NMFS","Pacific Coast","California Current",3,2,NA,16593,"MT","MT",1945,1945,0.0462474624637797,0.0497170072841197,0.0746846577775473,NA,NA,NA
"NWFSC-BGROCKPCOAST-1950-2005-STANTON","Blackgill rockfish","Sebastes melanostomus","NMFS","Pacific Coast","California Current",3,1,NA,3799,"MT","MT",1950,1950,0.0262677208549025,0.0240077642131072,0.0516898379217181,0.905783477755257,0.827853938383007,1.78240820419717
"NWFSC-BLACKROCKNPCOAST-1914-2006-BRANCH","Black rockfish","Sebastes melanops","NMFS","Northern Pacific Coast","California Current",3,1,NA,698.62,"MT","MT",1945,1945,0.0325048598463249,0.0257283055774635,0.0763034280864728,NA,NA,NA
"NWFSC-BLACKROCKSPCOAST-1915-2007-BRANCH","Black rockfish","Sebastes melanops","WCPFC","Southern Pacific Coast","California Current",3,1,NA,1444.6,"MT","E06larvae",1945,1945,0.0307351662201023,0.023606177044319,0.0656064420942984,NA,NA,NA
"NWFSC-BLUEROCKCAL-1916-2007-BRANCH","Blue rockfish","Sebastes mystinus","NMFS","California","California Current",3,1,NA,831,"MT","E06larvae",1945,1945,0.0532731582487886,0.0344663212435233,0.131929963961426,NA,NA,NA
"NWFSC-BOCACCSPCOAST-1951-2006-BRANCH","Bocaccio","Sebastes paucispinis","WCPFC","Southern Pacific Coast","California Current",3,1,NA,NA,"MT","E03eggs",1951,1951,0.138534235515498,0.128313166354217,0.251821907457335,NA,NA,NA
"NWFSC-CHILISPCOAST-1892-2007-BRANCH","Chilipepper","Sebastes goodei","WCPFC","Southern Pacific Coast","California Current",3,1,12126,NA,"MT","MT",1945,1945,0.0617539900689822,0.0507739398148624,0.128631793800791,NA,NA,NA
"NWFSC-COWCODSCAL-1900-2007-BRANCH","Cowcod","Sebastes levis","NMFS","Southern California","California Current",3,1,NA,995,"MT","MT",1945,1945,0.0984657677983815,0.0456717676047205,0.238685314685315,NA,NA,NA
"NWFSC-CROCKPCOAST-1916-2009-Stachura","Canary rockfish","Sebastes pinniger","NMFS","Pacific Coast","California Current",3,1,NA,9928,"MT","MT",1945,1945,0.0608757987888309,0.0322524453452351,0.159564805814857,NA,NA,NA
"NWFSC-DKROCKPCOAST-1928-2007-BRANCH","Darkblotched rockfish","Sebastes crameri","NMFS","Pacific Coast","California Current",3,1,NA,NA,"MT","E03eggs",1945,1945,0.0454995557310358,0.0223325625493048,0.121197712309636,NA,NA,NA
"NWFSC-ESOLEPCOAST-1876-2007-BRANCH","English sole","Solea vulgaris","NMFS","Pacific Coast","California Current",3,1,NA,6526,"MT","MT",1945,1945,0.0998296110404297,0.110516586365541,0.149223860577127,NA,NA,NA
"NWFSC-KELPGREENLINGORECOAST-1979-2005-STANTON","Kelp greenling","Hexagrammos decagrammus","NMFS","Oregon Coast","California Current",3,1,NA,123,"MT","MT",1979,1979,0.0324164377248258,0.0221274083953643,0.0636143330195779,0.259331501798607,0.177019267162915,0.508914664156623
"NWFSC-LNOSESKAPCOAST-1915-2007-BRANCH","Longnose skate","Raja rhina","NMFS","Pacific Coast","California Current",3,1,NA,2626,"MT","MT",1945,1945,0.0115146202934885,0.00975207477269985,0.019469509450674,NA,NA,NA
"NWFSC-LSTHORNHPCOAST-1962-2005-STANTON","Longspine thornyhead","Sebastolobus altivelis","NMFS","Pacific Coast","California Current",3,1,NA,28305,"MT","MT",1964,1964,0.00895380699894672,0.00209301093311196,0.0309700985058968,NA,NA,NA
"NWFSC-PHAKEPCOAST-1966-2008-BRANCH","Pacific hake","Merluccius productus","NMFS","Pacific Coast","California Current",3,2,NA,680000,"MT","MT",1966,1966,0.0512994573629572,0.0313745751032615,0.130850778708292,NA,NA,NA
"NWFSC-POPERCHPCOAST-1953-2007-BRANCH","Pacific ocean perch","Sebastes alutus","NMFS","Pacific Coast","California Current",3,1,NA,14793,"MT","MT",1956,1956,0.0573622862639797,0.0537121479600652,0.0816392813381165,NA,NA,NA
"NWFSC-PSOLENPCOAST-1910-2005-STANTON","Petrale sole","Solea vulgaris","NMFS","Northern Pacific Coast","California Current",3,1,NA,2658,"MT","MT",1945,1945,0.153562077472247,0.138996418076949,0.268080271132586,1.27968397893539,1.15830348397457,2.23400225943822
"NWFSC-PSOLESPCOAST-1874-2005-STANTON","Petrale sole","Solea vulgaris","WCPFC","Southern Pacific Coast","California Current",3,1,NA,4121,"MT","MT",1945,1945,0.168870286816043,0.157445445853888,0.260281823104245,1.2062163344003,1.12461032752777,1.85915587931604
"NWFSC-SABLEFPCOAST-1900-2007-BRANCH","Sablefish","Anoplopoma fimbria","NMFS","Pacific Coast","California Current",3,1,91559,NA,"MT","MT",1945,1945,0.0258340947399132,0.0250987982390037,0.0494486811468968,NA,NA,NA
"NWFSC-SSTHORNHPCOAST-1901-2005-STANTON","Shortspine thornyhead","Sebastolobus alascanus","NMFS","Pacific Coast","California Current",3,NA,NA,52258,"MT","MT",1945,1945,0.0102130713830296,0.00859797913098505,0.0216559778699807,0.555058227338567,0.467281474510057,1.17695531902069
"NWFSC-WROCKPCOAST-1955-2006-BRANCH","Widow rockfish","Sebastes entomelas","NMFS","Pacific Coast","California Current",3,NA,NA,NA,"MT","MT",1958,1958,0.0310214102646962,0.0136065668631325,0.071406613138789,NA,NA,NA
"NWFSC-YEYEROCKPCOAST-1923-2006-BRANCH","Yelloweye rockfish","Sebastes ruberrimus","NMFS","Pacific Coast","California Current",3,NA,NA,1179,"MT","MT",1945,1945,0.0465186079157101,0.0178282478245424,0.127507165369445,NA,NA,NA
"NWFSC-YTROCKNPCOAST-1967-2005-STANTON","Yellowtail rockfish","Sebastes flavidus","NMFS","Northern Pacific Coast","California Current",3,NA,NA,12407,"MT","MT",1967,1967,0.0527705379395075,0.0500502012925614,0.0879016686760383,NA,NA,NA
"NWWG-CAPEICE-1977-2007-MINTO","Capelin","Mallotus villosus","ICES","Iceland Grounds","Iceland Shelf",59,1,NA,NA,"MT","MT",1978,1978,0.416456634400878,0.429169349645847,0.544674417679982,NA,NA,NA
"NWWG-CODFAPL-1959-2006-MINTO","Atlantic cod","Gadus morhua","ICES","Faroe Plateau","Faroe Plateau",60,1,NA,NA,"MT","MT",1961,1961,0.279386345722868,0.274729840488698,0.367989391316913,NA,NA,NA
"NWWG-CODICE-1952-2006-MINTO","Atlantic cod","Gadus morhua","ICES","Iceland Grounds","Iceland Shelf",59,1,NA,NA,"MT","MT",1955,1955,0.333567569452248,0.325847726057121,0.414329456299417,NA,NA,NA
"NWWG-HADFAPL-1955-2006-MINTO","Haddock","Melanogrammus aeglefinus","ICES","Faroe Plateau","Faroe Plateau",60,1,NA,NA,"MT","MT",1957,1957,0.187854473357438,0.182331758520642,0.257153976634202,NA,NA,NA
"NWWG-HADICE-1977-2007-MINTO","Haddock","Melanogrammus aeglefinus","ICES","Iceland Grounds","Iceland Shelf",59,1,NA,NA,"MT","MT",1979,1979,0.399091709920026,0.386456868824991,0.498454835343449,NA,NA,NA
"NWWG-POLLFAPL-1958-2006-MINTO","Pollock","Pollachius virens","ICES","Faroe Plateau","Faroe Plateau",60,1,NA,NA,"MT","MT",1961,1961,0.189035174631199,0.178752282175343,0.267738391266207,NA,NA,NA
"NZMFishDEEPWATER-BLACKOREOWECR-1973-2007-JENSEN","Black oreo","Allocyttus niger","MFish","West end of Chatham Rise","New Zealand Shelf",46,1,NA,27427,"MT","MT",1973,1973,0.022908332372416,0.0204582087072117,0.0385278101650372,NA,NA,NA
"NZMFishDEEPWATER-SMOOTHOREOCR-1979-2006-JENSEN","Smooth oreo","Pseudocyttus maculatus","MFish","Chatham Rise","New Zealand Shelf",46,1,NA,50242.75375,"MT","MT",1979,1979,0.0220637441978214,0.0253373478621732,0.0293759164857552,NA,NA,NA
"NZMFishDEEPWATER-SMOOTHOREOWECR-1973-2004-JENSEN","Smooth oreo","Pseudocyttus maculatus","MFish","West end of Chatham Rise","New Zealand Shelf",46,1,NA,21242.3892,"MT","MT",1973,1973,0.0428503980967772,0.0393953878489419,0.074278837571041,NA,NA,NA
"NZMFishHOKIWG-HOKIENZ-1972-2007-FRANCIS","Hoki","Macruronus novaezelandiae","MFish","Eastern New Zealand","New Zealand Shelf",46,1,NA,NA,"MT","MT",1972,1972,0.0413168948108384,0.0241944427489156,0.103056554066252,NA,NA,NA
"NZMFishHOKIWG-HOKIWNZ-1972-2007-FRANCIS","Hoki","Macruronus novaezelandiae","MFish","Western New Zealand","New Zealand Shelf",46,1,NA,NA,"MT","MT",1972,1972,0.0765684311518292,0.067374567156599,0.170759741033924,NA,NA,NA
"NZMFishINSHOREWG-NZSNAPNZ8-1931-2005-JENSEN","New Zealand snapper","Chrysophrys auratus","MFish","New Zealand Area 8 (Auckland and Central West)","New Zealand Shelf",46,1,NA,23536.1148,"MT","MT",1945,1945,0.126965822612738,0.167776502307076,0.238460831684881,NA,NA,NA
"NZMFishINSHOREWG-TREVALLYTRE7-1944-2005-JENSEN","Trevally","Pseudocaranx dentex","MFish","New Zealand Areas TRE 7","New Zealand Shelf",46,NA,NA,15634.89433,"MT","MT",1945,1945,0.0463812763766432,0.056455204201203,0.0859171498193429,NA,NA,NA
"NZMFishLOBSTERWG-RROCKLOBSTERCRA1-1945-2001-JENSEN","Red rock lobster","Jasus edwardsii","MFish",NA,"New Zealand Shelf",46,1,NA,NA,"no value","no value",1945,NA,0.155459256338831,0.146362735381566,0.271820964135093,NA,NA,NA
"NZMFishLOBSTERWG-RROCKLOBSTERCRA2-1945-2001-JENSEN","Red rock lobster","Jasus edwardsii","MFish",NA,"New Zealand Shelf",46,1,NA,NA,"no value","no value",1945,NA,0.358870500141783,0.256195373004097,0.842018367235621,NA,NA,NA
"NZMFishLOBSTERWG-RROCKLOBSTERCRA3-1945-2007-JENSEN","Red rock lobster","Jasus edwardsii","MFish",NA,"New Zealand Shelf",46,1,NA,NA,"no value","no value",1945,NA,0.924561733952355,0.58057070065996,2.12664783067366,NA,NA,NA
"NZMFishLOBSTERWG-RROCKLOBSTERCRA4-1945-2005-JENSEN","Red rock lobster","Jasus edwardsii","MFish",NA,"New Zealand Shelf",46,1,NA,NA,"no value","no value",1945,NA,0.520182553286104,0.33955471083356,1.29135668275524,NA,NA,NA
"NZMFishLOBSTERWG-RROCKLOBSTERCRA5-1945-2002-JENSEN","Red rock lobster","Jasus edwardsii","MFish",NA,"New Zealand Shelf",46,1,NA,NA,"no value","no value",1945,NA,0.37544348846429,0.199051961751161,0.950494480491071,NA,NA,NA
"NZMFishLOBSTERWG-RROCKLOBSTERCRA7-1976-2005-JENSEN","Red rock lobster","Jasus edwardsii","MFish",NA,"New Zealand Shelf",46,1,NA,NA,"no value","no value",1976,NA,0.791467932819516,0.845267672496663,1.05037242109026,NA,NA,NA
"NZMFishLOBSTERWG-RROCKLOBSTERCRA8-1976-2005-JENSEN","Red rock lobster","Jasus edwardsii","MFish",NA,"New Zealand Shelf",46,1,NA,NA,"no value","no value",1976,NA,0.874167209520664,0.947147625093488,1.29018670474554,NA,NA,NA
"NZMFishMIDDEPTHSWG-GEMFISHNZ-1952-2007-JENSEN","common gemfish","Rexea solandri","MFish","New Zealand","New Zealand Shelf",46,1,NA,1803.026167,"MT","MT",1952,1952,0.0473805286983941,0.0280407093530072,0.119907197394841,NA,NA,NA
"NZMFishMIDDEPTHSWG-NZLINGLIN3-4-1972-2007-JENSEN","Ling","Genypterus blacodes","MFish","New Zealand Areas LIN 3 and 4","New Zealand Shelf",46,1,NA,30157.781,"MT","MT",1972,1972,0.0369296150603688,0.0331434558290757,0.0616994732861748,NA,NA,NA
"NZMFishMIDDEPTHSWG-NZLINGLIN5-6-1972-2007-JENSEN","Ling","Genypterus blacodes","MFish","New Zealand Areas LIN 5 and 6","New Zealand Shelf",46,1,NA,48407.352,"MT","MT",1972,1972,0.0193842123173242,0.0159752269677158,0.0344302036545294,NA,NA,NA
"NZMFishMIDDEPTHSWG-NZLINGLIN6b-1980-2006-JENSEN","Ling","Genypterus blacodes","MFish","New Zealand Areas LIN 6b","New Zealand Shelf",46,1,NA,3014.0994,"MT","MT",1980,1980,0.0346313217458338,0.0226415094339623,0.0929061779960702,NA,NA,NA
"NZMFishMIDDEPTHSWG-NZLINGLIN72-1972-2007-JENSEN","Ling","Genypterus blacodes","MFish","New Zealand Areas LIN 72","New Zealand Shelf",46,1,NA,1700.080512,"MT","MT",1972,1972,0.0442089504285851,0.0457945606218276,0.0782668715626043,NA,NA,NA
"NZMFishMIDDEPTHSWG-NZLINGLIN7WC-1972-2008-JENSEN","Ling","Genypterus blacodes","MFish","New Zealand Areas LIN 7WC-WCSI","New Zealand Shelf",46,1,NA,28029.9456,"MT","MT",1972,1972,0.0252368825891701,0.0261973104749921,0.0441634512070861,NA,NA,NA
"NZMFishMIDDEPTHSWG-SBWHITACIR-1979-2006-JENSEN","Southern blue whiting","Micromesistius australis","MFish","New Zealand - Campbell Island Rise","New Zealand Shelf",46,1,NA,52105.0464,"MT","MT",1979,1979,0.266057160099259,0.236284950793253,0.449895318294373,NA,NA,NA
"NZMFishMIDDEPTHSWG-SOUTHHAKECR-1975-2006-JENSEN","Southern hake","Merluccius australis","MFish","Chatham Rise","New Zealand Shelf",46,1,NA,7786.9455,"MT","MT",1975,1975,0.0428292200314457,0.0219202344027355,0.0931481257589797,NA,NA,NA
"NZMFishMIDDEPTHSWG-SOUTHHAKESA-1975-2007-JENSEN","Southern hake","Merluccius australis","MFish","Sub-Antarctic","New Zealand Shelf",46,1,NA,14153.0846,"MT","MT",1975,1975,0.0208213731770841,0.0179434221470426,0.0408633961741346,NA,NA,NA
"NZMFishSHELLFISHWG-PAUAPAU5A-1964-2006-JENSEN","Paua","Haliotis spp","MFish",NA,"New Zealand Shelf",46,1,NA,NA,"no value","no value",1964,1964,0.106135656200692,0.0898384622415401,0.211933884809339,NA,NA,NA
"NZMFishSHELLFISHWG-PAUAPAU5B-1963-2007-JENSEN","Paua","Haliotis spp","MFish",NA,"New Zealand Shelf",46,1,NA,NA,"no value","no value",1963,1963,0.0902041088482208,0.0834390657541512,0.165907034671058,NA,NA,NA
"NZMFishSHELLFISHWG-PAUAPAU5D-1964-2006-JENSEN","Paua","Haliotis spp","MFish",NA,"New Zealand Shelf",46,1,NA,NA,"no value","no value",1964,1964,0.145742506370807,0.149898609931605,0.279694801557548,NA,NA,NA
"NZMFishSHELLFISHWG-PAUAPAU7-1964-2008-JENSEN","Paua","Haliotis spp","MFish",NA,"New Zealand Shelf",46,1,NA,NA,"no value","no value",1964,1964,0.123442348559623,0.13908383927056,0.207205874893834,NA,NA,NA
"PFMC-LINGCODNPCOAST-1956-2005-STANTON","Lingcod","Ophiodon elongatus","NMFS","Northern Pacific Coast","California Current",3,1,NA,NA,"no value","MT",NA,1956,NA,NA,NA,NA,NA,NA
"PFMC-LINGCODSPCOAST-1956-2005-STANTON","Lingcod","Ophiodon elongatus","NMFS","Southern Pacific Coast","California Current",3,1,NA,NA,"no value","MT",NA,1956,NA,NA,NA,NA,NA,NA
"RIDEM-LOBSTERRI-1959-2007-COLLIE","American lobster","Homarus americanus","US State","Rhode Island","Northeast U.S. Continental Shelf",7,1,5662,NA,"MT","no value",1959,NA,0.454400021495745,0.429437792027805,0.679072047841024,NA,NA,NA
"RIDEM-TAUTOGRI-1959-2007-COLLIE","Tautog","Tautoga onitis","US State","Rhode Island","Northeast U.S. Continental Shelf",7,NA,1562,NA,"MT","no value",1959,NA,0.19388960048616,0.177707570437385,0.408751939653374,NA,NA,NA
"RIDEM-WINFLOUNDRI-1959-2007-COLLIE","Winter flounder","Pseudopleuronectes americanus","US State","Rhode Island","Northeast U.S. Continental Shelf",7,NA,5478,NA,"MT","no value",1959,NA,0.337423671150096,0.318861744890966,0.461098727292059,NA,NA,NA
"SEFSC-BHEADSHARATL-1950-2005-FAUCONNET","Bonnethead shark","Sphyrna tiburo","NMFS","Atlantic","Southeast U.S. Continental Shelf",6,2,NA,NA,"MT","no value",1950,NA,0.0863539951199179,0.0684437854026073,0.146542054197431,NA,NA,NA
"SEFSC-BNOSESHARATL-1950-2005-FAUCONNET","Blacknose shark","Carcharhinus acronotus","NMFS","Atlantic","Southeast U.S. Continental Shelf",6,2,NA,NA,"MT","no value",1950,NA,NA,NA,NA,NA,NA,NA
"SEFSC-BTIPSHARATL-1981-2004-FAUCONNET","Blacktip shark","Carcharhinus limbatus","NMFS","Atlantic","Southeast U.S. Continental Shelf",6,2,NA,NA,"MT","no value",1981,NA,0.000899515273124093,0.000573762626085132,0.00185397373197204,NA,NA,NA
"SEFSC-BTIPSHARGM-1981-2004-FAUCONNET","Blacktip shark","Carcharhinus limbatus","NMFS","Gulf of Mexico","Gulf of Mexico",5,1,NA,NA,"MT","no value",1981,NA,0.00981233094624846,0.00893698478325384,0.0144230707697802,NA,NA,NA
"SEFSC-FTOOTHSHARATL-1976-2005-FAUCONNET","Finetooth shark","Carcharhinus isodon","NMFS","Atlantic","Southeast U.S. Continental Shelf",6,2,NA,NA,"MT","no value",1976,NA,NA,NA,NA,NA,NA,NA
"SEFSC-GAGGM-1963-2004-JENSEN","Gag","Mycteroperca microlepis","NMFS","Gulf of Mexico","Gulf of Mexico",5,1,NA,12383.06,"MT","MT",1963,1963,0.161379476706111,0.187477057476224,0.250128502835317,NA,NA,NA
"SEFSC-GAGSATLC-1962-2005-JENSEN","Gag","Mycteroperca microlepis","NMFS","Southern Atlantic coast","Southeast U.S. Continental Shelf",6,1,NA,3594.7166,"MT","MT",1962,1962,NA,NA,NA,NA,NA,NA
"SEFSC-GRAMBERGM-1986-2004-JENSEN","Greater amberjack","Seriola dumerili","NMFS","Gulf of Mexico","Gulf of Mexico",5,1,NA,4024.721816,"MT","no value",1986,NA,0.865547956911195,0.805639245167523,1.19230774256566,NA,NA,NA
"SEFSC-GRAMBERSATLC-1946-2006-JENSEN","Greater amberjack","Seriola dumerili","NMFS","Southern Atlantic coast","Southeast U.S. Continental Shelf",6,1,5491,1940,"MT","MT",1946,1946,NA,NA,NA,NA,NA,NA
"SEFSC-GTRIGGM-1981-2004-JENSEN","Gray triggerfish","Balistes capriscus","NMFS","Gulf of Mexico","Gulf of Mexico",5,1,NA,NA,"no value","E03eggs",NA,1981,NA,NA,NA,NA,NA,NA
"SEFSC-KMACKGM-1992-2001-JENSEN","King Mackerel","Scomberomorus cavalla","NMFS","Gulf of Mexico","Gulf of Mexico",5,1,NA,NA,"MT","E03eggs",1992,1992,0.122768284318184,0.124702381200264,0.14324808057405,NA,NA,NA
"SEFSC-KMACKSATLC-1981-2001-JENSEN","King Mackerel","Scomberomorus cavalla","NMFS","Southern Atlantic coast","Southeast U.S. Continental Shelf",6,1,NA,NA,"MT","E03eggs",1992,1992,0.182069874295686,0.183759071952113,0.206585021642867,NA,NA,NA
"SEFSC-MENATGM-1964-2004-GILROY","Gulf menhaden","Brevoortia tyrannus","NMFS","Gulf of Mexico","Gulf of Mexico",5,1,NA,NA,"MT","E03eggs",1964,1964,0.217704571926655,0.204616561218105,0.322911732196431,NA,NA,NA
"SEFSC-MUTSNAPSATLCGM-1981-2006-JENSEN","Mutton snapper","Lutjanus analis","NMFS","Southern Atlantic coast and Gulf of Mexico","Southeast U.S. Continental Shelf",6,2,NA,6296,"MT","MT",1981,1981,NA,NA,NA,NA,NA,NA
"SEFSC-RGROUPGM-1986-2005-JENSEN","Red grouper","Epinephelus morio","NMFS","Gulf of Mexico","Gulf of Mexico",5,1,NA,NA,"MT","no value",1986,NA,0.109424023585371,0.109926361458678,0.128140616242909,NA,NA,NA
"SEFSC-RPORGYSATLC-1972-2004-JENSEN","Red porgy","Pagrus pagrus","NMFS","Southern Atlantic coast","Southeast U.S. Continental Shelf",6,1,NA,3236.02,"MT","MT",1972,1972,0.14587559872329,0.164118745806358,0.251088932016575,NA,NA,NA
"SEFSC-RSNAPEGM-1872-2003-STANTON","Red snapper","Lutjanus campechanus","NMFS","Eastern Gulf of Mexico","Gulf of Mexico",5,1,NA,1236505.489,"no value","E03",NA,1960,NA,NA,NA,NA,NA,NA
"SEFSC-RSNAPSATLC-1945-2006-JENSEN","Red snapper","Lutjanus campechanus","NMFS","Southern Atlantic coast","Southeast U.S. Continental Shelf",6,1,NA,5184,"MT","MT",1945,1945,NA,NA,NA,NA,NA,NA
"SEFSC-RSNAPWGM-1880-2003-STANTON","Red snapper","Lutjanus campechanus","NMFS","Western Gulf of Mexico","Gulf of Mexico",5,1,NA,1236505.489,"no value","E03",NA,1984,NA,NA,NA,NA,NA,NA
"SEFSC-SBARSHARATL-1975-2004-FAUCONNET","Sandbar shark","Carcharhinus plumbeus","NMFS","Atlantic","Scotian Shelf",8,2,NA,NA,"MT","no value",1975,NA,0.0526570370078385,0.0508552091659842,0.0719138395544683,NA,NA,NA
"SEFSC-SNOSESHARATL-1950-2005-FAUCONNET","Atlantic sharpnose shark","Rhizoprionodon terraenovae","NMFS","Atlantic","Southeast U.S. Continental Shelf",6,2,NA,NA,"no value","no value",NA,NA,NA,NA,NA,NA,NA,NA
"SEFSC-SNOWGROUPSATLC-1961-2002-STANTON","Snowy grouper","Epinephelus niveatus","NMFS","Southern Atlantic coast","Southeast U.S. Continental Shelf",6,1,2481,2116,"MT","MT",1961,1961,0.104906491801402,0.10419507079182,0.230853258890642,2.83531058922707,2.8160829943735,6.23927726731465
"SEFSC-SPANMACKSATLC-1950-2008-JENSEN","Spanish mackerel","Scomberomorus maculatus","NMFS","Southern Atlantic coast","Southeast U.S. Continental Shelf",6,1,40288,15027,"MT","MT",1950,1950,0.27712508710735,0.287540777666164,0.370992620913788,NA,NA,NA
"SEFSC-TILESATLC-1961-2002-STANTON","Tilefish","Lopholatilus chamaeleonticeps","NMFS","Southern Atlantic coast","Southeast U.S. Continental Shelf",6,NA,2611.4,879.4,"MT","MT",1961,1961,0.0695337077467856,0.0661986597985139,0.170461614590697,1.98667736419387,1.89139027995754,4.87033184544849
"SEFSC-VSNAPGM-1981-2004-JENSEN","Vermilion snapper","Rhomboplites aurorubens","NMFS","Gulf of Mexico","Gulf of Mexico",5,NA,NA,NA,"no value","E03eggs",NA,1981,NA,NA,NA,NA,NA,NA
"SEFSC-VSNAPSATLC-1946-2008-STANTON","Vermilion snapper","Rhomboplites aurorubens","NMFS","Southern Atlantic coast","Southeast U.S. Continental Shelf",6,NA,3300,NA,"MT","E03eggs",1946,1946,0.0611741558424761,0.0717583017836156,0.140150748165546,NA,NA,NA
"SEFSC-YTSNAPSATLC-1962-2001-STANTON","Yellowtail snapper","Ocyurus chrysurus","NMFS","Southern Atlantic coast","Southeast U.S. Continental Shelf",6,NA,NA,4913,"no value","MT",NA,1981,NA,NA,NA,NA,NA,NA
"SFI-WPOLLNSO-1985-1994-JENSEN","Walleye pollock","Theragra chalcogramma","RFFA","Northern Sea of Okhotsk","Sea of Okhotsk",52,NA,7600000,NA,"MT","no value",1985,NA,0.190323643567661,0.191011028109144,0.213370288503874,NA,NA,NA
"SPC-ALBASPAC-1959-2006-JENSEN","Albacore tuna","Thunnus alalunga","WCPFC","South Pacific Ocean","Pacific High Seas",-99,1,NA,40400,"MT","MT",1959,1959,0.0572653910619102,0.0504234348731354,0.104011476852943,0.304603143946331,0.268209759963486,0.553252536451826
"SPC-BIGEYEWPO-1952-2006-JENSEN","Bigeye tuna","Thunnus obesus","WCPFC","Western Pacific Ocean","Pacific High Seas",-99,1,249600,102200,"MT","MT",1952,1952,0.163451765318346,0.148209290953545,0.332169869564569,0.631575600148168,0.572678867672122,1.28350026879664
"SPC-SKJCWPAC-1972-2006-JENSEN","Skipjack tuna","Katsuwonus pelamis","WCPFC","Central Western Pacific","Pacific High Seas",-99,1,NA,894200,"MT","MT",1972,1972,0.159400417692706,0.156810325130454,0.270485683085006,0.179101592913153,0.176191376551071,0.303916497848321
"SPC-STMARLINSWPO-1950-2003-JENSEN","Striped marlin","Kajikia audax","WCPFC","Western Pacific Ocean","Pacific High Seas",-99,NA,10890,8903,"MT","MT",1950,1950,0.219459590529721,0.230238231934374,0.322606355124747,NA,NA,NA
"SPC-YFINCWPAC-1952-2005-JENSEN","Yellowfin tuna","Thunnus albacares","WCPFC","Central Western Pacific","Pacific High Seas",-99,NA,1489000,679800,"MT","MT",1952,1952,0.0757381462635518,0.0600218022046997,0.197640355295567,0.281973738881429,0.223461661223752,0.73581666156205
"SPRFMO-CHTRACCH-1950-2010-RICARD","Chilean jack mackerel","Trachurus murphyi","SPRFMO","Chilean EEZ and offshore","Humboldt Current",13,1,NA,NA,"MT","MT",1970,1958,0.171488088664099,0.15103336246846,0.37349736748815,NA,NA,NA
"SWFSC-CALSCORPSCAL-1990-2005-STANTON","California scorpionfish","Scorpaena guttata","NMFS","Southern California","California Current",3,1,NA,NA,"MT","MT",1995,1995,NA,NA,NA,NA,NA,NA
"SWFSC-CMACKPCOAST-1929-2008-PINSKY","Pacific chub mackerel","Scomber scombrus","NMFS","Pacific Coast","California Current",3,1,NA,122357,"no value","MT",NA,1945,NA,NA,NA,NA,NA,NA
"SWFSC-DSOLEPCOAST-1910-2005-STANTON","Dover sole","Microstomus pacificus","NMFS","Pacific Coast","California Current",3,1,NA,117281,"MT","MT",1945,1945,0.0352559117547629,0.0295704173202615,0.0715992549123269,NA,NA,NA
"SWFSC-GOPHERSPCOAST-1965-2005-STANTON","Gopher rockfish","Sebastes carnatus","WCPFC","Southern Pacific Coast","California Current",3,1,NA,798,"MT","MT",1965,1965,0.0354305657938147,0.029956388052404,0.070614136476738,0.343986075668104,0.290838718955379,0.685574140550854
"SWFSC-SARDPCOAST-1981-2007-PINSKY","Pacific sardine","Sardinops sagax","NMFS","Pacific Coast","California Current",3,2,NA,NA,"MT","MT",1981,1981,0.103892865738081,0.104673395662762,0.126069434047433,NA,NA,NA
"SWFSC-SBELLYROCKPCOAST-1950-2005-BRANCH","Shortbelly rockfish","Sebastes jordani","NMFS","Pacific Coast","California Current",3,1,NA,NA,"MT","MT",1950,1950,0.00294627625106707,0.000777327708504443,0.00735505873436908,NA,NA,NA
"SWFSC-STFLOUNNPCOAST-1970-2005-STANTON","Starry flounder","Platichthys stellatus","NMFS","Northern Pacific Coast","California Current",3,NA,NA,1930,"MT","MT",1970,1970,0.0725820101835364,0.0350656356770365,0.215785023577453,0.42947935019844,0.207488968503175,1.27683445903818
"SWFSC-STFLOUNSPCOAST-1970-2005-STANTON","Starry flounder","Platichthys stellatus","WCPFC","Southern Pacific Coast","California Current",3,NA,NA,934,"MT","MT",1970,1970,0.0838009994988133,0.0365967677307333,0.248104575163399,0.495863902359842,0.216548921483629,1.46807440925088
"TAFI-TASGIANTCRABTAS-1990-2007-JENSEN","Tasmanian giant crab","Pseudocarcinus gigas","AFMA","Tasmania","Southeast Australian Shelf",42,NA,NA,NA,"MT","E03eggs",1990,1990,0.0864597716610595,0.085218389749127,0.140102899873634,NA,NA,NA
"VNIRO-WPOLLWBS-1994-2004-JENSEN","Walleye pollock","Theragra chalcogramma","RFFA","Western Bering Sea","West Bering Sea",53,NA,NA,NA,"MT","no value",1994,NA,0.586210443393416,0.635338345864662,0.73876404494382,NA,NA,NA
"WGBFAS-CODBA2224-1969-2007-JENNINGS","Atlantic cod","Gadus morhua","ICES","Western Baltic","Baltic Sea",23,1,NA,NA,"MT","MT",1970,1970,0.533182410938097,0.526720641481873,0.625317958346115,NA,NA,NA
"WGBFAS-CODBA2532-1964-2007-JENNINGS","Atlantic cod","Gadus morhua","ICES","Eastern Baltic","Baltic Sea",23,1,NA,NA,"MT","MT",1966,1966,0.400714544162095,0.389529926675382,0.534742919377221,NA,NA,NA
"WGBFAS-CODKAT-1970-2006-MINTO","Atlantic cod","Gadus morhua","ICES","Kattegat and Skagerrak","North Sea",22,1,NA,NA,"MT","MT",1971,1971,0.532610922316198,0.555993601537782,0.694824906132614,NA,NA,NA
"WGBFAS-HERR2532-1973-2006-JENNINGS","Herring","Clupea harengus","ICES","Eastern Baltic","Baltic Sea",23,1,NA,NA,"MT","MT",1974,1974,0.149156127355121,0.143415814498992,0.203488126576662,NA,NA,NA
"WGBFAS-HERR30-1972-2007-JENNINGS","Herring","Clupea harengus","ICES","Bothnian Sea","Baltic Sea",23,1,NA,NA,"MT","MT",1973,1973,0.111897405109513,0.115225674817635,0.153111852846801,NA,NA,NA
"WGBFAS-HERR31-1979-2006-JENNINGS","Herring","Clupea harengus","ICES","Bothnian Bay","Baltic Sea",23,1,NA,NA,"MT","MT",1980,1980,0.208268241848546,0.193474809365147,0.301067293429689,NA,NA,NA
"WGBFAS-HERRIsum-1983-2007-JENNINGS","Herring","Clupea harengus","ICES","Iceland Grounds","Iceland Shelf",59,1,NA,NA,"MT","MT",1986,1986,0.200900419893058,0.208171206225681,0.253369272237197,NA,NA,NA
"WGBFAS-HERRRIGA-1976-2007-JENNINGS","Herring","Clupea harengus","ICES","Gulf of Riga East of Gotland","Baltic Sea",23,1,NA,NA,"MT","MT",1977,1977,0.214020076541517,0.217896632167904,0.271337720561607,NA,NA,NA
"WGBFAS-SOLEIIIa-1982-2007-JENNINGS","common European sole","Solea vulgaris","ICES","Kattegat and Skagerrak","North Sea",22,1,NA,NA,"MT","MT",1984,1984,0.213163452628173,0.221176985342376,0.253464311206281,NA,NA,NA
"WGBFAS-SPRAT22-32-1973-2007-JENNINGS","Sprat","Sprattus sprattus","ICES","Baltic Areas 22-32","Baltic Sea",23,1,NA,NA,"MT","MT",1974,1974,0.130352426881625,0.120818771842237,0.205180818691476,NA,NA,NA
"WGHMM-FMEG8c9a-1986-2006-JENNINGS","Fourspotted megrim","Lepidorhombus whiffiagonis","ICES","VIIIc-IXa","Iberian Coastal",25,1,NA,NA,"MT","MT",1986,1986,0.23108648274745,0.22572864321608,0.310876928867143,NA,NA,NA
"WGHMM-HAKENRTN-1977-2007-JENNINGS","Hake","Merluccius merluccius","ICES","IIIa-IV-VI-VII-VIIIabd","Celtic-Biscay Shelf",24,2,NA,NA,"MT","MT",1979,1979,0.236142982413311,0.217968776910201,0.321528393069544,NA,NA,NA
"WGHMM-HAKESOTH-1982-2007-JENNINGS","Hake","Merluccius merluccius","ICES","VIIIc-IXa","Iberian Coastal",25,1,NA,NA,"no value","MT",NA,1982,NA,NA,NA,NA,NA,NA
"WGHMM-MEG8c9a-1985-2007-JENNINGS","Megrim","Lepidorhombus whiffiagonis","ICES","VIIIc-IXa","Iberian Coastal",25,1,NA,NA,"MT","MT",1986,1986,0.22642107364467,0.217982456140351,0.330626057529611,NA,NA,NA
"WGHMM-SOLEVIII-1982-2006-JENNINGS","common European sole","Solea vulgaris","ICES","Bay of Biscay","Celtic-Biscay Shelf",24,2,NA,NA,"MT","MT",1984,1984,0.333647341948431,0.32326956079578,0.366421323653754,NA,NA,NA
"WGMHSA-ANCHOBAYB-1986-2007-JENNINGS","Anchovy","Engraulis encrasicolus","ICES","Bay of Biscay","Celtic-Biscay Shelf",24,2,NA,NA,"no value","MT",NA,1987,NA,NA,NA,NA,NA,NA
"WGMHSA-MACKNEICES-1972-2007-JENNINGS","Mackerel","Scomber scombrus","ICES","IIa-IIIabd-IV-Vb-VI-VII-VIIIabcde-XII-XIV-Ixa","Celtic-Biscay Shelf",24,3,NA,NA,"MT","MT",1972,1972,0.199125201180648,0.202230028675581,0.245177699629737,NA,NA,NA
"WGMHSA-SARDPVIIIc-IXa-1978-2007-JENNINGS","European pilchard","Sardinops sagax","ICES","VIIIc-IXa","Iberian Coastal",25,1,NA,NA,"no value","MT",NA,1978,NA,NA,NA,NA,NA,NA
"WGNPBW-BWHITNEA-1980-2007-JENNINGS","Blue whiting","Micromesistius poutassou","ICES","Northeast Atlantic","Celtic-Biscay Shelf",24,5,NA,NA,"MT","MT",1981,1981,0.19426918915699,0.193507994466275,0.248662547382797,NA,NA,NA
"WGNSDS-CODIS-1968-2006-MINTO","Atlantic cod","Gadus morhua","ICES","Irish Sea","Celtic-Biscay Shelf",24,1,NA,NA,"MT","MT",1968,1968,0.423388036748639,0.446545570766526,0.539500933989871,NA,NA,NA
"WGNSDS-CODVIa-1977-2006-MINTO","Atlantic cod","Gadus morhua","ICES","West of Scotland","Celtic-Biscay Shelf",24,1,NA,NA,"MT","MT",1978,1978,0.400540796839374,0.416301612656178,0.602009653236674,NA,NA,NA
"WGNSDS-HADIS-1972-2006-MINTO","Haddock","Melanogrammus aeglefinus","ICES","Irish Sea","Celtic-Biscay Shelf",24,1,NA,NA,"relative","relative",1992,1992,6151.25330186499,5071.3522798595,11690.1867995019,NA,NA,NA
"WGNSDS-HADVIa-1977-2006-MINTO","Haddock","Melanogrammus aeglefinus","ICES","West of Scotland","Celtic-Biscay Shelf",24,1,NA,NA,"MT","MT",1978,1978,0.307050178386514,0.329925866826236,0.452474109106063,NA,NA,NA
"WGNSDS-PLAICIS-1962-2006-MINTO","European Plaice","Pleuronectes platessa","ICES","Irish Sea","Celtic-Biscay Shelf",24,1,NA,NA,"MT","MT",1964,1964,0.372900940927769,0.383936790426511,0.537468461349827,NA,NA,NA
"WGNSDS-SOLEIS-1968-2006-MINTO","common European sole","Solea vulgaris","ICES","Irish Sea","Celtic-Biscay Shelf",24,1,NA,NA,"MT","MT",1970,1970,0.281844499287843,0.274829416224412,0.363968632523546,NA,NA,NA
"WGNSDS-WHITVIa-1984-2007-MINTO","Whiting","Merlangius merlangus","ICES","West of Scotland","Celtic-Biscay Shelf",24,NA,NA,NA,"relative","relative",1985,1985,NA,NA,NA,NA,NA,NA
"WGNSSK-CODNS-1962-2007-MINTO","Atlantic cod","Gadus morhua","ICES","North Sea","North Sea",22,1,NA,NA,"MT","MT",1963,1963,0.424548032282518,0.429872515625046,0.514325508709315,NA,NA,NA
"WGNSSK-HADNS-IIIa-1963-2006-MINTO","Haddock","Melanogrammus aeglefinus","ICES","IIIa and North Sea","North Sea",22,1,NA,NA,"MT","MT",1963,1963,0.15684370621964,0.162054857451835,0.28545308545098,NA,NA,NA
"WGNSSK-HADROCK-1990-2007-JENNINGS","Haddock","Melanogrammus aeglefinus","ICES","Rockall Bank","Celtic-Biscay Shelf",24,1,NA,NA,"MT","MT",1991,1991,0.128426526480009,0.115447403490556,0.1914433142747,NA,NA,NA
"WGNSSK-NPOUTNS-1983-2007-MINTO","Norway pout","Trisopterus esmarkii","ICES","North Sea","North Sea",22,1,NA,NA,"MT","MT",1983,1983,0.18030655329123,0.17415089570346,0.290852269305323,NA,NA,NA
"WGNSSK-PLAIC7d-1979-2006-MINTO","European Plaice","Pleuronectes platessa","ICES","Eastern English Channel","Celtic-Biscay Shelf",24,1,NA,NA,"no value","MT",NA,1980,NA,NA,NA,NA,NA,NA
"WGNSSK-PLAICIIIa-1976-2006-MINTO","European Plaice","Pleuronectes platessa","ICES","Kattegat and Skagerrak","North Sea",22,1,NA,NA,"no value","MT",NA,1978,NA,NA,NA,NA,NA,NA
"WGNSSK-PLAICNS-1956-2006-MINTO","European Plaice","Pleuronectes platessa","ICES","North Sea","North Sea",22,1,NA,NA,"no value","MT",NA,1957,NA,NA,NA,NA,NA,NA
"WGNSSK-POLLNS-VI-IIIa-1964-2006-MINTO","Pollock","Pollachius virens","ICES","IIIa, VI and North Sea","North Sea",22,2,NA,NA,"MT","MT",1967,1967,0.313570755918531,0.298036082785107,0.426486127421056,NA,NA,NA
"WGNSSK-SEELNS-1983-2007-MINTO","Sand lance","Ammodytes marinus","ICES","North Sea","North Sea",22,1,NA,NA,"MT","MT",1983,1983,0.367795308879053,0.361208497243445,0.521021151094687,NA,NA,NA
"WGNSSK-SOLENS-1956-2006-MINTO","common European sole","Solea vulgaris","ICES","North Sea","North Sea",22,1,NA,NA,"no value","MT",NA,1957,NA,NA,NA,NA,NA,NA
"WGNSSK-SOLEVIId-1981-2006-MINTO","common European sole","Solea vulgaris","ICES","Eastern English Channel","Celtic-Biscay Shelf",24,1,NA,NA,"MT","MT",1982,1982,0.282699260923652,0.27770322762907,0.324323159583024,NA,NA,NA
"WGNSSK-WHITNS-VIId-IIIa-1979-2006-MINTO","Whiting","Merlangius merlangus","ICES","IIIa, VIId and North Sea","North Sea",22,NA,NA,NA,"MT","MT",1980,1980,0.248871224829643,0.250643069926017,0.31070514724231,NA,NA,NA
"WGSSDS-HADVIIb-k-1993-2006-JENNINGS","Haddock","Melanogrammus aeglefinus","ICES","ICES VIIb-k","Celtic-Biscay Shelf",24,1,NA,NA,"MT","MT",1993,1993,0.271878092370147,0.231626912644107,0.410863377235059,NA,NA,NA
"WGSSDS-PLAICCELT-1976-2006-JENNINGS","European Plaice","Pleuronectes platessa","ICES","Celtic Sea","Celtic-Biscay Shelf",24,1,NA,NA,"MT","MT",1977,1977,0.322632740845482,0.32009670815641,0.411805887384488,NA,NA,NA
"WGSSDS-PLAICECHW-1975-2006-JENNINGS","European Plaice","Pleuronectes platessa","ICES","Western English Channel","Celtic-Biscay Shelf",24,1,NA,NA,"MT","MT",1976,1976,0.321687688614649,0.314478463933575,0.365360303413401,NA,NA,NA
"WGSSDS-SOLECS-1970-2006-JENNINGS","common European sole","Solea vulgaris","ICES","Celtic Sea","Celtic-Biscay Shelf",24,1,NA,NA,"MT","MT",1971,1971,0.255741206786461,0.254953845093728,0.319973015869846,NA,NA,NA
"WGSSDS-SOLEVIIe-1968-2006-JENNINGS","common European sole","Solea vulgaris","ICES","Western English Channel","Celtic-Biscay Shelf",24,1,NA,NA,"MT","MT",1969,1969,0.197658863390044,0.207367654656449,0.260949610916212,NA,NA,NA
"WGSSDS-WHITVIIek-1982-2007-JENNINGS","Whiting","Merlangius merlangus","ICES","Celtic Sea","Celtic-Biscay Shelf",24,NA,NA,NA,"MT","MT",1982,1982,0.348775567248874,0.336798557335313,0.457094563408068,NA,NA,NA
